{"level":"info","message":"DB:getAllPosts success","operation":"LIST_POSTS","page":1,"perPage":4,"searchTerm":null,"service":"code-connect","step":"DATABASE","timestamp":"2025-47-00 16:47:31"}
{"environment":"development","level":"info","message":"[EVENT] PAGE_VIEW -> HOME_VIEW","operation":"HOME_VIEW","service":"code-connect","step":"PAGE_VIEW","timestamp":"2025-47-00 16:47:31","timezone":"UTC","userId":"95d331ab-5bd0-493e-8778-5fbc9860aef1"}
{"level":"info","message":"DB:getAllPosts success","operation":"LIST_POSTS","page":1,"perPage":4,"searchTerm":null,"service":"code-connect","step":"DATABASE","timestamp":"2025-49-00 16:49:56"}
{"environment":"development","level":"info","message":"[EVENT] PAGE_VIEW -> HOME_VIEW","operation":"HOME_VIEW","service":"code-connect","step":"PAGE_VIEW","timestamp":"2025-49-00 16:49:56","timezone":"UTC","userId":"95d331ab-5bd0-493e-8778-5fbc9860aef1"}
{"level":"info","message":"DB:getAllPosts success","operation":"LIST_POSTS","page":2,"perPage":4,"searchTerm":null,"service":"code-connect","step":"DATABASE","timestamp":"2025-50-00 16:50:00"}
{"environment":"development","level":"info","message":"[EVENT] PAGE_VIEW -> HOME_VIEW","operation":"HOME_VIEW","service":"code-connect","step":"PAGE_VIEW","timestamp":"2025-50-00 16:50:00","timezone":"UTC","userId":"95d331ab-5bd0-493e-8778-5fbc9860aef1"}
{"level":"info","message":"DB:getAllPosts success","operation":"LIST_POSTS","page":1,"perPage":4,"searchTerm":null,"service":"code-connect","step":"DATABASE","timestamp":"2025-50-00 16:50:05"}
{"environment":"development","level":"info","message":"[EVENT] PAGE_VIEW -> HOME_VIEW","operation":"HOME_VIEW","service":"code-connect","step":"PAGE_VIEW","timestamp":"2025-50-00 16:50:05","timezone":"UTC","userId":"95d331ab-5bd0-493e-8778-5fbc9860aef1"}
{"environment":"development","error":{"__isAuthError":true,"code":"invalid_credentials","name":"AuthApiError","status":400},"level":"error","message":"[EVENT ERROR] AUTH -> LOGIN_FAILED","operation":"LOGIN_FAILED","service":"code-connect","step":"AUTH","timestamp":"2025-16-00 17:16:45","timezone":"UTC","userId":"anonymous"}
{"environment":"development","level":"info","message":"[EVENT] AUTH -> LOGIN_SUCCESS","operation":"LOGIN_SUCCESS","service":"code-connect","step":"AUTH","timestamp":"2025-16-00 17:16:49","timezone":"UTC","userId":"95d331ab-5bd0-493e-8778-5fbc9860aef1"}
{"level":"info","message":"DB:getAllPosts success","operation":"LIST_POSTS","page":1,"perPage":4,"searchTerm":null,"service":"code-connect","step":"DATABASE","timestamp":"2025-16-00 17:16:50"}
{"environment":"development","level":"info","message":"[EVENT] PAGE_VIEW -> HOME_VIEW","operation":"HOME_VIEW","service":"code-connect","step":"PAGE_VIEW","timestamp":"2025-16-00 17:16:50","timezone":"UTC","userId":"95d331ab-5bd0-493e-8778-5fbc9860aef1"}
{"environment":"development","level":"info","message":"[EVENT] AUTH -> LOGIN_SUCCESS","operation":"LOGIN_SUCCESS","service":"code-connect","step":"AUTH","timestamp":"2025-22-00 17:22:40","timezone":"UTC","userId":"95d331ab-5bd0-493e-8778-5fbc9860aef1"}
{"level":"info","message":"DB:getAllPosts success","operation":"LIST_POSTS","page":1,"perPage":4,"searchTerm":null,"service":"code-connect","step":"DATABASE","timestamp":"2025-22-00 17:22:41"}
{"environment":"development","level":"info","message":"[EVENT] PAGE_VIEW -> HOME_VIEW","operation":"HOME_VIEW","service":"code-connect","step":"PAGE_VIEW","timestamp":"2025-22-00 17:22:41","timezone":"UTC","userId":"95d331ab-5bd0-493e-8778-5fbc9860aef1"}
{"level":"info","message":"DB:getAllPosts success","operation":"LIST_POSTS","page":1,"perPage":4,"searchTerm":null,"service":"code-connect","step":"DATABASE","timestamp":"2025-23-00 17:23:17"}
{"environment":"development","level":"info","message":"[EVENT] PAGE_VIEW -> HOME_VIEW","operation":"HOME_VIEW","service":"code-connect","step":"PAGE_VIEW","timestamp":"2025-23-00 17:23:17","timezone":"UTC","userId":"95d331ab-5bd0-493e-8778-5fbc9860aef1"}
{"level":"info","message":"DB:getAllPosts success","operation":"LIST_POSTS","page":1,"perPage":4,"searchTerm":null,"service":"code-connect","step":"DATABASE","timestamp":"2025-23-00 17:23:21"}
{"environment":"development","level":"info","message":"[EVENT] PAGE_VIEW -> HOME_VIEW","operation":"HOME_VIEW","service":"code-connect","step":"PAGE_VIEW","timestamp":"2025-23-00 17:23:21","timezone":"UTC","userId":"95d331ab-5bd0-493e-8778-5fbc9860aef1"}
{"level":"info","message":"DB:getAllPosts success","operation":"LIST_POSTS","page":1,"perPage":4,"searchTerm":null,"service":"code-connect","step":"DATABASE","timestamp":"2025-23-00 17:23:21"}
{"environment":"development","level":"info","message":"[EVENT] PAGE_VIEW -> HOME_VIEW","operation":"HOME_VIEW","service":"code-connect","step":"PAGE_VIEW","timestamp":"2025-23-00 17:23:21","timezone":"UTC","userId":"95d331ab-5bd0-493e-8778-5fbc9860aef1"}
{"level":"info","message":"DB:getAllPosts success","operation":"LIST_POSTS","page":1,"perPage":4,"searchTerm":null,"service":"code-connect","step":"DATABASE","timestamp":"2025-23-00 17:23:25"}
{"environment":"development","level":"info","message":"[EVENT] PAGE_VIEW -> HOME_VIEW","operation":"HOME_VIEW","service":"code-connect","step":"PAGE_VIEW","timestamp":"2025-23-00 17:23:25","timezone":"UTC","userId":"95d331ab-5bd0-493e-8778-5fbc9860aef1"}
{"level":"info","message":"DB:getAllPosts success","operation":"LIST_POSTS","page":1,"perPage":4,"searchTerm":null,"service":"code-connect","step":"DATABASE","timestamp":"2025-23-00 17:23:25"}
{"environment":"development","level":"info","message":"[EVENT] PAGE_VIEW -> HOME_VIEW","operation":"HOME_VIEW","service":"code-connect","step":"PAGE_VIEW","timestamp":"2025-23-00 17:23:25","timezone":"UTC","userId":"95d331ab-5bd0-493e-8778-5fbc9860aef1"}
{"level":"info","message":"DB:getAllPosts success","operation":"LIST_POSTS","page":1,"perPage":4,"searchTerm":null,"service":"code-connect","step":"DATABASE","timestamp":"2025-23-00 17:23:29"}
{"environment":"development","level":"info","message":"[EVENT] PAGE_VIEW -> HOME_VIEW","operation":"HOME_VIEW","service":"code-connect","step":"PAGE_VIEW","timestamp":"2025-23-00 17:23:29","timezone":"UTC","userId":"95d331ab-5bd0-493e-8778-5fbc9860aef1"}
{"level":"info","message":"DB:getAllPosts success","operation":"LIST_POSTS","page":1,"perPage":4,"searchTerm":null,"service":"code-connect","step":"DATABASE","timestamp":"2025-23-00 17:23:29"}
{"environment":"development","level":"info","message":"[EVENT] PAGE_VIEW -> HOME_VIEW","operation":"HOME_VIEW","service":"code-connect","step":"PAGE_VIEW","timestamp":"2025-23-00 17:23:29","timezone":"UTC","userId":"95d331ab-5bd0-493e-8778-5fbc9860aef1"}
{"level":"info","message":"DB:getAllPosts success","operation":"LIST_POSTS","page":1,"perPage":4,"searchTerm":null,"service":"code-connect","step":"DATABASE","timestamp":"2025-23-00 17:23:33"}
{"environment":"development","level":"info","message":"[EVENT] PAGE_VIEW -> HOME_VIEW","operation":"HOME_VIEW","service":"code-connect","step":"PAGE_VIEW","timestamp":"2025-23-00 17:23:33","timezone":"UTC","userId":"95d331ab-5bd0-493e-8778-5fbc9860aef1"}
{"level":"info","message":"DB:getAllPosts success","operation":"LIST_POSTS","page":1,"perPage":4,"searchTerm":null,"service":"code-connect","step":"DATABASE","timestamp":"2025-23-00 17:23:33"}
{"environment":"development","level":"info","message":"[EVENT] PAGE_VIEW -> HOME_VIEW","operation":"HOME_VIEW","service":"code-connect","step":"PAGE_VIEW","timestamp":"2025-23-00 17:23:33","timezone":"UTC","userId":"95d331ab-5bd0-493e-8778-5fbc9860aef1"}
{"level":"info","message":"DB:getAllPosts success","operation":"LIST_POSTS","page":1,"perPage":4,"searchTerm":null,"service":"code-connect","step":"DATABASE","timestamp":"2025-23-00 17:23:40"}
{"environment":"development","level":"info","message":"[EVENT] PAGE_VIEW -> HOME_VIEW","operation":"HOME_VIEW","service":"code-connect","step":"PAGE_VIEW","timestamp":"2025-23-00 17:23:40","timezone":"UTC","userId":"95d331ab-5bd0-493e-8778-5fbc9860aef1"}
{"level":"info","message":"DB:getAllPosts success","operation":"LIST_POSTS","page":1,"perPage":4,"searchTerm":null,"service":"code-connect","step":"DATABASE","timestamp":"2025-23-00 17:23:40"}
{"environment":"development","level":"info","message":"[EVENT] PAGE_VIEW -> HOME_VIEW","operation":"HOME_VIEW","service":"code-connect","step":"PAGE_VIEW","timestamp":"2025-23-00 17:23:40","timezone":"UTC","userId":"95d331ab-5bd0-493e-8778-5fbc9860aef1"}
{"level":"info","message":"DB:getAllPosts success","operation":"LIST_POSTS","page":1,"perPage":4,"searchTerm":null,"service":"code-connect","step":"DATABASE","timestamp":"2025-23-00 17:23:46"}
{"environment":"development","level":"info","message":"[EVENT] PAGE_VIEW -> HOME_VIEW","operation":"HOME_VIEW","service":"code-connect","step":"PAGE_VIEW","timestamp":"2025-23-00 17:23:46","timezone":"UTC","userId":"95d331ab-5bd0-493e-8778-5fbc9860aef1"}
{"level":"info","message":"DB:getAllPosts success","operation":"LIST_POSTS","page":1,"perPage":4,"searchTerm":null,"service":"code-connect","step":"DATABASE","timestamp":"2025-23-00 17:23:46"}
{"environment":"development","level":"info","message":"[EVENT] PAGE_VIEW -> HOME_VIEW","operation":"HOME_VIEW","service":"code-connect","step":"PAGE_VIEW","timestamp":"2025-23-00 17:23:46","timezone":"UTC","userId":"95d331ab-5bd0-493e-8778-5fbc9860aef1"}
{"level":"info","message":"DB:getAllPosts success","operation":"LIST_POSTS","page":1,"perPage":4,"searchTerm":null,"service":"code-connect","step":"DATABASE","timestamp":"2025-23-00 17:23:47"}
{"environment":"development","level":"info","message":"[EVENT] PAGE_VIEW -> HOME_VIEW","operation":"HOME_VIEW","service":"code-connect","step":"PAGE_VIEW","timestamp":"2025-23-00 17:23:47","timezone":"UTC","userId":"95d331ab-5bd0-493e-8778-5fbc9860aef1"}
{"level":"info","message":"DB:getAllPosts success","operation":"LIST_POSTS","page":1,"perPage":4,"searchTerm":null,"service":"code-connect","step":"DATABASE","timestamp":"2025-23-00 17:23:55"}
{"environment":"development","level":"info","message":"[EVENT] PAGE_VIEW -> HOME_VIEW","operation":"HOME_VIEW","service":"code-connect","step":"PAGE_VIEW","timestamp":"2025-23-00 17:23:55","timezone":"UTC","userId":"95d331ab-5bd0-493e-8778-5fbc9860aef1"}
{"level":"info","message":"DB:getAllPosts success","operation":"LIST_POSTS","page":1,"perPage":4,"searchTerm":null,"service":"code-connect","step":"DATABASE","timestamp":"2025-23-00 17:23:55"}
{"environment":"development","level":"info","message":"[EVENT] PAGE_VIEW -> HOME_VIEW","operation":"HOME_VIEW","service":"code-connect","step":"PAGE_VIEW","timestamp":"2025-23-00 17:23:55","timezone":"UTC","userId":"95d331ab-5bd0-493e-8778-5fbc9860aef1"}
{"level":"info","message":"DB:getAllPosts success","operation":"LIST_POSTS","page":1,"perPage":4,"searchTerm":null,"service":"code-connect","step":"DATABASE","timestamp":"2025-23-00 17:23:59"}
{"environment":"development","level":"info","message":"[EVENT] PAGE_VIEW -> HOME_VIEW","operation":"HOME_VIEW","service":"code-connect","step":"PAGE_VIEW","timestamp":"2025-23-00 17:23:59","timezone":"UTC","userId":"95d331ab-5bd0-493e-8778-5fbc9860aef1"}
{"level":"info","message":"DB:getAllPosts success","operation":"LIST_POSTS","page":1,"perPage":4,"searchTerm":null,"service":"code-connect","step":"DATABASE","timestamp":"2025-23-00 17:23:59"}
{"environment":"development","level":"info","message":"[EVENT] PAGE_VIEW -> HOME_VIEW","operation":"HOME_VIEW","service":"code-connect","step":"PAGE_VIEW","timestamp":"2025-23-00 17:23:59","timezone":"UTC","userId":"95d331ab-5bd0-493e-8778-5fbc9860aef1"}
{"level":"info","message":"DB:getAllPosts success","operation":"LIST_POSTS","page":1,"perPage":4,"searchTerm":null,"service":"code-connect","step":"DATABASE","timestamp":"2025-24-00 17:24:02"}
{"environment":"development","level":"info","message":"[EVENT] PAGE_VIEW -> HOME_VIEW","operation":"HOME_VIEW","service":"code-connect","step":"PAGE_VIEW","timestamp":"2025-24-00 17:24:02","timezone":"UTC","userId":"95d331ab-5bd0-493e-8778-5fbc9860aef1"}
{"level":"info","message":"DB:getAllPosts success","operation":"LIST_POSTS","page":1,"perPage":4,"searchTerm":null,"service":"code-connect","step":"DATABASE","timestamp":"2025-24-00 17:24:02"}
{"environment":"development","level":"info","message":"[EVENT] PAGE_VIEW -> HOME_VIEW","operation":"HOME_VIEW","service":"code-connect","step":"PAGE_VIEW","timestamp":"2025-24-00 17:24:02","timezone":"UTC","userId":"95d331ab-5bd0-493e-8778-5fbc9860aef1"}
{"level":"info","message":"DB:getAllPosts success","operation":"LIST_POSTS","page":1,"perPage":4,"searchTerm":null,"service":"code-connect","step":"DATABASE","timestamp":"2025-24-00 17:24:08"}
{"environment":"development","level":"info","message":"[EVENT] PAGE_VIEW -> HOME_VIEW","operation":"HOME_VIEW","service":"code-connect","step":"PAGE_VIEW","timestamp":"2025-24-00 17:24:08","timezone":"UTC","userId":"95d331ab-5bd0-493e-8778-5fbc9860aef1"}
{"level":"info","message":"DB:getAllPosts success","operation":"LIST_POSTS","page":1,"perPage":4,"searchTerm":null,"service":"code-connect","step":"DATABASE","timestamp":"2025-24-00 17:24:08"}
{"environment":"development","level":"info","message":"[EVENT] PAGE_VIEW -> HOME_VIEW","operation":"HOME_VIEW","service":"code-connect","step":"PAGE_VIEW","timestamp":"2025-24-00 17:24:08","timezone":"UTC","userId":"95d331ab-5bd0-493e-8778-5fbc9860aef1"}
{"level":"info","message":"DB:getAllPosts success","operation":"LIST_POSTS","page":1,"perPage":4,"searchTerm":null,"service":"code-connect","step":"DATABASE","timestamp":"2025-24-00 17:24:12"}
{"environment":"development","level":"info","message":"[EVENT] PAGE_VIEW -> HOME_VIEW","operation":"HOME_VIEW","service":"code-connect","step":"PAGE_VIEW","timestamp":"2025-24-00 17:24:12","timezone":"UTC","userId":"95d331ab-5bd0-493e-8778-5fbc9860aef1"}
{"level":"info","message":"DB:getAllPosts success","operation":"LIST_POSTS","page":1,"perPage":4,"searchTerm":null,"service":"code-connect","step":"DATABASE","timestamp":"2025-24-00 17:24:12"}
{"environment":"development","level":"info","message":"[EVENT] PAGE_VIEW -> HOME_VIEW","operation":"HOME_VIEW","service":"code-connect","step":"PAGE_VIEW","timestamp":"2025-24-00 17:24:12","timezone":"UTC","userId":"95d331ab-5bd0-493e-8778-5fbc9860aef1"}
{"level":"info","message":"DB:getAllPosts success","operation":"LIST_POSTS","page":1,"perPage":4,"searchTerm":null,"service":"code-connect","step":"DATABASE","timestamp":"2025-42-00 18:42:55"}
{"environment":"development","level":"info","message":"[EVENT] PAGE_VIEW -> HOME_VIEW","operation":"HOME_VIEW","service":"code-connect","step":"PAGE_VIEW","timestamp":"2025-42-00 18:42:55","timezone":"UTC","userId":"95d331ab-5bd0-493e-8778-5fbc9860aef1"}
{"level":"info","message":"DB:getAllPosts success","operation":"LIST_POSTS","page":1,"perPage":4,"searchTerm":null,"service":"code-connect","step":"DATABASE","timestamp":"2025-50-00 18:50:26"}
{"environment":"development","level":"info","message":"[EVENT] PAGE_VIEW -> HOME_VIEW","operation":"HOME_VIEW","service":"code-connect","step":"PAGE_VIEW","timestamp":"2025-50-00 18:50:26","timezone":"UTC","userId":"95d331ab-5bd0-493e-8778-5fbc9860aef1"}
{"environment":"development","level":"info","message":"[EVENT] PAGE_VIEW -> POST_SLUG_VIEW","operation":"POST_SLUG_VIEW","service":"code-connect","slug":"webpack-um-guia-para-iniciantes","step":"PAGE_VIEW","timestamp":"2025-51-00 18:51:22","timezone":"UTC","userId":"anonymous"}
{"environment":"development","level":"info","message":"[EVENT] PAGE_VIEW -> POST_SLUG_VIEW","operation":"POST_SLUG_VIEW","service":"code-connect","slug":"webpack-um-guia-para-iniciantes","step":"PAGE_VIEW","timestamp":"2025-51-00 18:51:25","timezone":"UTC","userId":"anonymous"}
{"environment":"development","level":"info","message":"[EVENT] PAGE_VIEW -> POST_SLUG_VIEW","operation":"POST_SLUG_VIEW","service":"code-connect","slug":"webpack-um-guia-para-iniciantes","step":"PAGE_VIEW","timestamp":"2025-54-00 18:54:24","timezone":"UTC","userId":"anonymous"}
{"level":"info","message":"DB:getAllPosts success","operation":"LIST_POSTS","page":1,"perPage":4,"searchTerm":null,"service":"code-connect","step":"DATABASE","timestamp":"2025-55-00 18:55:05"}
{"environment":"development","level":"info","message":"[EVENT] PAGE_VIEW -> HOME_VIEW","operation":"HOME_VIEW","service":"code-connect","step":"PAGE_VIEW","timestamp":"2025-55-00 18:55:05","timezone":"UTC","userId":"95d331ab-5bd0-493e-8778-5fbc9860aef1"}
{"level":"info","message":"DB:getAllPosts success","operation":"LIST_POSTS","page":1,"perPage":4,"searchTerm":null,"service":"code-connect","step":"DATABASE","timestamp":"2025-55-00 18:55:05"}
{"environment":"development","level":"info","message":"[EVENT] PAGE_VIEW -> HOME_VIEW","operation":"HOME_VIEW","service":"code-connect","step":"PAGE_VIEW","timestamp":"2025-55-00 18:55:05","timezone":"UTC","userId":"95d331ab-5bd0-493e-8778-5fbc9860aef1"}
{"environment":"development","level":"info","message":"[EVENT] PAGE_VIEW -> POST_SLUG_VIEW","operation":"POST_SLUG_VIEW","service":"code-connect","slug":"webpack-um-guia-para-iniciantes","step":"PAGE_VIEW","timestamp":"2025-55-00 18:55:31","timezone":"UTC","userId":"anonymous"}
{"environment":"development","level":"info","message":"[EVENT] PAGE_VIEW -> POST_SLUG_VIEW","operation":"POST_SLUG_VIEW","service":"code-connect","slug":"webpack-um-guia-para-iniciantes","step":"PAGE_VIEW","timestamp":"2025-56-00 18:56:56","timezone":"UTC","userId":"anonymous"}
{"level":"info","message":"DB:getAllPosts success","operation":"LIST_POSTS","page":1,"perPage":4,"searchTerm":null,"service":"code-connect","step":"DATABASE","timestamp":"2025-57-00 18:57:24"}
{"environment":"development","level":"info","message":"[EVENT] PAGE_VIEW -> HOME_VIEW","operation":"HOME_VIEW","service":"code-connect","step":"PAGE_VIEW","timestamp":"2025-57-00 18:57:24","timezone":"UTC","userId":"95d331ab-5bd0-493e-8778-5fbc9860aef1"}
{"level":"info","message":"DB:getAllPosts success","operation":"LIST_POSTS","page":1,"perPage":4,"searchTerm":null,"service":"code-connect","step":"DATABASE","timestamp":"2025-57-00 18:57:24"}
{"environment":"development","level":"info","message":"[EVENT] PAGE_VIEW -> HOME_VIEW","operation":"HOME_VIEW","service":"code-connect","step":"PAGE_VIEW","timestamp":"2025-57-00 18:57:24","timezone":"UTC","userId":"95d331ab-5bd0-493e-8778-5fbc9860aef1"}
{"level":"info","message":"DB:getAllPosts success","operation":"LIST_POSTS","page":1,"perPage":4,"searchTerm":null,"service":"code-connect","step":"DATABASE","timestamp":"2025-57-00 18:57:30"}
{"environment":"development","level":"info","message":"[EVENT] PAGE_VIEW -> HOME_VIEW","operation":"HOME_VIEW","service":"code-connect","step":"PAGE_VIEW","timestamp":"2025-57-00 18:57:30","timezone":"UTC","userId":"95d331ab-5bd0-493e-8778-5fbc9860aef1"}
{"environment":"development","level":"info","message":"[EVENT] PAGE_VIEW -> POST_SLUG_VIEW","operation":"POST_SLUG_VIEW","service":"code-connect","slug":"construindo-spa-com-vuejs","step":"PAGE_VIEW","timestamp":"2025-58-00 18:58:46","timezone":"UTC","userId":"anonymous"}
{"environment":"development","level":"info","message":"[EVENT] PAGE_VIEW -> POST_SLUG_VIEW","operation":"POST_SLUG_VIEW","service":"code-connect","slug":"construindo-spa-com-vuejs","step":"PAGE_VIEW","timestamp":"2025-58-00 18:58:57","timezone":"UTC","userId":"anonymous"}
{"environment":"development","level":"info","message":"[EVENT] PAGE_VIEW -> POST_SLUG_VIEW","operation":"POST_SLUG_VIEW","service":"code-connect","slug":"construindo-spa-com-vuejs","step":"PAGE_VIEW","timestamp":"2025-10-00 19:10:38","timezone":"UTC","userId":"anonymous"}
{"environment":"development","level":"info","message":"[EVENT] PAGE_VIEW -> POST_SLUG_VIEW","operation":"POST_SLUG_VIEW","service":"code-connect","slug":"construindo-spa-com-vuejs","step":"PAGE_VIEW","timestamp":"2025-10-00 19:10:47","timezone":"UTC","userId":"anonymous"}
{"level":"info","message":"DB:getAllPosts success","operation":"LIST_POSTS","page":1,"perPage":4,"searchTerm":null,"service":"code-connect","step":"DATABASE","timestamp":"2025-17-00 20:17:39"}
{"environment":"development","level":"info","message":"[EVENT] PAGE_VIEW -> HOME_VIEW","operation":"HOME_VIEW","service":"code-connect","step":"PAGE_VIEW","timestamp":"2025-17-00 20:17:39","timezone":"UTC","userId":"95d331ab-5bd0-493e-8778-5fbc9860aef1"}
{"level":"info","message":"DB:getAllPosts success","operation":"LIST_POSTS","page":1,"perPage":4,"searchTerm":null,"service":"code-connect","step":"DATABASE","timestamp":"2025-21-00 20:21:42"}
{"environment":"development","level":"info","message":"[EVENT] PAGE_VIEW -> HOME_VIEW","operation":"HOME_VIEW","service":"code-connect","step":"PAGE_VIEW","timestamp":"2025-21-00 20:21:42","timezone":"UTC","userId":"95d331ab-5bd0-493e-8778-5fbc9860aef1"}
{"level":"info","message":"DB:getAllPosts success","operation":"LIST_POSTS","page":1,"perPage":4,"searchTerm":null,"service":"code-connect","step":"DATABASE","timestamp":"2025-22-00 20:22:09"}
{"environment":"development","level":"info","message":"[EVENT] PAGE_VIEW -> HOME_VIEW","operation":"HOME_VIEW","service":"code-connect","step":"PAGE_VIEW","timestamp":"2025-22-00 20:22:09","timezone":"UTC","userId":"95d331ab-5bd0-493e-8778-5fbc9860aef1"}
{"environment":"development","level":"info","message":"[EVENT] PAGE_VIEW -> POST_SLUG_VIEW","operation":"POST_SLUG_VIEW","service":"code-connect","slug":"construindo-spa-com-vuejs","step":"PAGE_VIEW","timestamp":"2025-22-00 20:22:14","timezone":"UTC","userId":"anonymous"}
{"environment":"development","level":"info","message":"[EVENT] PAGE_VIEW -> POST_SLUG_VIEW","operation":"POST_SLUG_VIEW","service":"code-connect","slug":"construindo-spa-com-vuejs","step":"PAGE_VIEW","timestamp":"2025-22-00 20:22:16","timezone":"UTC","userId":"anonymous"}
{"environment":"development","level":"info","message":"[EVENT] PAGE_VIEW -> POST_SLUG_VIEW","operation":"POST_SLUG_VIEW","service":"code-connect","slug":"construindo-spa-com-vuejs","step":"PAGE_VIEW","timestamp":"2025-53-00 20:53:33","timezone":"UTC","userId":"anonymous"}
{"level":"info","message":"DB:getAllPosts success","operation":"LIST_POSTS","page":1,"perPage":4,"searchTerm":null,"service":"code-connect","step":"DATABASE","timestamp":"2025-57-00 20:57:34"}
{"environment":"development","level":"info","message":"[EVENT] PAGE_VIEW -> HOME_VIEW","operation":"HOME_VIEW","service":"code-connect","step":"PAGE_VIEW","timestamp":"2025-57-00 20:57:34","timezone":"UTC","userId":"95d331ab-5bd0-493e-8778-5fbc9860aef1"}
{"environment":"development","level":"info","message":"[EVENT] PAGE_VIEW -> POST_SLUG_VIEW","operation":"POST_SLUG_VIEW","service":"code-connect","slug":"construindo-spa-com-vuejs","step":"PAGE_VIEW","timestamp":"2025-57-00 20:57:48","timezone":"UTC","userId":"anonymous"}
{"environment":"development","level":"info","message":"[EVENT] PAGE_VIEW -> POST_SLUG_VIEW","operation":"POST_SLUG_VIEW","service":"code-connect","slug":"construindo-spa-com-vuejs","step":"PAGE_VIEW","timestamp":"2025-59-00 20:59:29","timezone":"UTC","userId":"anonymous"}
{"environment":"development","level":"info","message":"[EVENT] PAGE_VIEW -> POST_SLUG_VIEW","operation":"POST_SLUG_VIEW","service":"code-connect","slug":"construindo-spa-com-vuejs","step":"PAGE_VIEW","timestamp":"2025-59-00 20:59:32","timezone":"UTC","userId":"anonymous"}
{"environment":"development","level":"info","message":"[EVENT] PAGE_VIEW -> POST_SLUG_VIEW","operation":"POST_SLUG_VIEW","service":"code-connect","slug":"construindo-spa-com-vuejs","step":"PAGE_VIEW","timestamp":"2025-59-00 20:59:52","timezone":"UTC","userId":"anonymous"}
{"environment":"development","level":"info","message":"[EVENT] PAGE_VIEW -> POST_SLUG_VIEW","operation":"POST_SLUG_VIEW","service":"code-connect","slug":"construindo-spa-com-vuejs","step":"PAGE_VIEW","timestamp":"2025-03-00 21:03:27","timezone":"UTC","userId":"anonymous"}
{"level":"info","message":"DB:getAllPosts success","operation":"LIST_POSTS","page":1,"perPage":4,"searchTerm":null,"service":"code-connect","step":"DATABASE","timestamp":"2025-12-00 21:12:00"}
{"environment":"development","level":"info","message":"[EVENT] PAGE_VIEW -> HOME_VIEW","operation":"HOME_VIEW","service":"code-connect","step":"PAGE_VIEW","timestamp":"2025-12-00 21:12:00","timezone":"UTC","userId":"95d331ab-5bd0-493e-8778-5fbc9860aef1"}
{"environment":"development","level":"info","message":"[EVENT] PAGE_VIEW -> POST_SLUG_VIEW","operation":"POST_SLUG_VIEW","service":"code-connect","slug":"construindo-spa-com-vuejs","step":"PAGE_VIEW","timestamp":"2025-12-00 21:12:34","timezone":"UTC","userId":"anonymous"}
{"environment":"development","level":"info","message":"[EVENT] PAGE_VIEW -> POST_SLUG_VIEW","operation":"POST_SLUG_VIEW","service":"code-connect","slug":"construindo-spa-com-vuejs","step":"PAGE_VIEW","timestamp":"2025-13-00 21:13:10","timezone":"UTC","userId":"anonymous"}
{"environment":"development","level":"info","message":"[EVENT] PAGE_VIEW -> POST_SLUG_VIEW","operation":"POST_SLUG_VIEW","service":"code-connect","slug":"construindo-spa-com-vuejs","step":"PAGE_VIEW","timestamp":"2025-13-00 21:13:30","timezone":"UTC","userId":"anonymous"}
{"environment":"development","level":"info","message":"[EVENT] PAGE_VIEW -> POST_SLUG_VIEW","operation":"POST_SLUG_VIEW","service":"code-connect","slug":"construindo-spa-com-vuejs","step":"PAGE_VIEW","timestamp":"2025-13-00 21:13:58","timezone":"UTC","userId":"anonymous"}
{"environment":"development","level":"info","message":"[EVENT] PAGE_VIEW -> POST_SLUG_VIEW","operation":"POST_SLUG_VIEW","service":"code-connect","slug":"construindo-spa-com-vuejs","step":"PAGE_VIEW","timestamp":"2025-15-00 21:15:57","timezone":"UTC","userId":"anonymous"}
{"environment":"development","level":"info","message":"[EVENT] PAGE_VIEW -> POST_SLUG_VIEW","operation":"POST_SLUG_VIEW","service":"code-connect","slug":"www.google.com","step":"PAGE_VIEW","timestamp":"2025-16-00 21:16:00","timezone":"UTC","userId":"anonymous"}
{"error":{"code":"PGRST116","details":"The result contains 0 rows","hint":null,"message":"Cannot coerce the result to a single JSON object"},"level":"error","message":"DB:getPostBySlug","operation":"GET_POST_BY_SLUG","service":"code-connect","slug":"www.google.com","step":"DATABASE","timestamp":"2025-16-00 21:16:01"}
{"error":{"code":"PGRST116","details":"The result contains 0 rows","hint":null,"message":"Cannot coerce the result to a single JSON object"},"level":"error","message":"DB:getPostBySlug","operation":"GET_POST_BY_SLUG","service":"code-connect","slug":"www.google.com","step":"DATABASE","timestamp":"2025-16-00 21:16:02"}
{"environment":"development","level":"info","message":"[EVENT] PAGE_VIEW -> POST_SLUG_VIEW","operation":"POST_SLUG_VIEW","service":"code-connect","slug":"construindo-spa-com-vuejs","step":"PAGE_VIEW","timestamp":"2025-22-00 21:22:07","timezone":"UTC","userId":"anonymous"}
{"environment":"development","level":"info","message":"[EVENT] PAGE_VIEW -> POST_SLUG_VIEW","operation":"POST_SLUG_VIEW","service":"code-connect","slug":"construindo-spa-com-vuejs","step":"PAGE_VIEW","timestamp":"2025-22-00 21:22:14","timezone":"UTC","userId":"anonymous"}
{"level":"info","message":"DB:getAllPosts success","operation":"LIST_POSTS","page":1,"perPage":4,"searchTerm":null,"service":"code-connect","step":"DATABASE","timestamp":"2025-29-00 21:29:50"}
{"environment":"development","level":"info","message":"[EVENT] PAGE_VIEW -> HOME_VIEW","operation":"HOME_VIEW","service":"code-connect","step":"PAGE_VIEW","timestamp":"2025-29-00 21:29:50","timezone":"UTC","userId":"95d331ab-5bd0-493e-8778-5fbc9860aef1"}
{"level":"info","message":"DB:getAllPosts success","operation":"LIST_POSTS","page":1,"perPage":4,"searchTerm":null,"service":"code-connect","step":"DATABASE","timestamp":"2025-31-00 21:31:45"}
{"environment":"development","level":"info","message":"[EVENT] PAGE_VIEW -> HOME_VIEW","operation":"HOME_VIEW","service":"code-connect","step":"PAGE_VIEW","timestamp":"2025-31-00 21:31:45","timezone":"UTC","userId":"95d331ab-5bd0-493e-8778-5fbc9860aef1"}
{"level":"info","message":"DB:getAllPosts success","operation":"LIST_POSTS","page":1,"perPage":4,"searchTerm":null,"service":"code-connect","step":"DATABASE","timestamp":"2025-32-00 21:32:54"}
{"environment":"development","level":"info","message":"[EVENT] PAGE_VIEW -> HOME_VIEW","operation":"HOME_VIEW","service":"code-connect","step":"PAGE_VIEW","timestamp":"2025-32-00 21:32:54","timezone":"UTC","userId":"95d331ab-5bd0-493e-8778-5fbc9860aef1"}
{"level":"info","message":"DB:getAllPosts success","operation":"LIST_POSTS","page":1,"perPage":4,"searchTerm":null,"service":"code-connect","step":"DATABASE","timestamp":"2025-32-00 21:32:54"}
{"environment":"development","level":"info","message":"[EVENT] PAGE_VIEW -> HOME_VIEW","operation":"HOME_VIEW","service":"code-connect","step":"PAGE_VIEW","timestamp":"2025-32-00 21:32:54","timezone":"UTC","userId":"95d331ab-5bd0-493e-8778-5fbc9860aef1"}
{"level":"info","message":"DB:getAllPosts success","operation":"LIST_POSTS","page":1,"perPage":4,"searchTerm":null,"service":"code-connect","step":"DATABASE","timestamp":"2025-32-00 21:32:54"}
{"environment":"development","level":"info","message":"[EVENT] PAGE_VIEW -> HOME_VIEW","operation":"HOME_VIEW","service":"code-connect","step":"PAGE_VIEW","timestamp":"2025-32-00 21:32:54","timezone":"UTC","userId":"95d331ab-5bd0-493e-8778-5fbc9860aef1"}
{"level":"info","message":"DB:getAllPosts success","operation":"LIST_POSTS","page":1,"perPage":4,"searchTerm":null,"service":"code-connect","step":"DATABASE","timestamp":"2025-32-00 21:32:54"}
{"environment":"development","level":"info","message":"[EVENT] PAGE_VIEW -> HOME_VIEW","operation":"HOME_VIEW","service":"code-connect","step":"PAGE_VIEW","timestamp":"2025-32-00 21:32:54","timezone":"UTC","userId":"95d331ab-5bd0-493e-8778-5fbc9860aef1"}
{"level":"info","message":"DB:getAllPosts success","operation":"LIST_POSTS","page":1,"perPage":4,"searchTerm":null,"service":"code-connect","step":"DATABASE","timestamp":"2025-32-00 21:32:55"}
{"environment":"development","level":"info","message":"[EVENT] PAGE_VIEW -> HOME_VIEW","operation":"HOME_VIEW","service":"code-connect","step":"PAGE_VIEW","timestamp":"2025-32-00 21:32:55","timezone":"UTC","userId":"95d331ab-5bd0-493e-8778-5fbc9860aef1"}
{"level":"info","message":"DB:getAllPosts success","operation":"LIST_POSTS","page":1,"perPage":4,"searchTerm":null,"service":"code-connect","step":"DATABASE","timestamp":"2025-32-00 21:32:55"}
{"environment":"development","level":"info","message":"[EVENT] PAGE_VIEW -> HOME_VIEW","operation":"HOME_VIEW","service":"code-connect","step":"PAGE_VIEW","timestamp":"2025-32-00 21:32:55","timezone":"UTC","userId":"95d331ab-5bd0-493e-8778-5fbc9860aef1"}
{"level":"info","message":"DB:getAllPosts success","operation":"LIST_POSTS","page":1,"perPage":4,"searchTerm":null,"service":"code-connect","step":"DATABASE","timestamp":"2025-32-00 21:32:55"}
{"environment":"development","level":"info","message":"[EVENT] PAGE_VIEW -> HOME_VIEW","operation":"HOME_VIEW","service":"code-connect","step":"PAGE_VIEW","timestamp":"2025-32-00 21:32:55","timezone":"UTC","userId":"95d331ab-5bd0-493e-8778-5fbc9860aef1"}
{"level":"info","message":"DB:getAllPosts success","operation":"LIST_POSTS","page":1,"perPage":4,"searchTerm":null,"service":"code-connect","step":"DATABASE","timestamp":"2025-00-00 22:00:41"}
{"environment":"development","level":"info","message":"[EVENT] PAGE_VIEW -> HOME_VIEW","operation":"HOME_VIEW","service":"code-connect","step":"PAGE_VIEW","timestamp":"2025-00-00 22:00:41","timezone":"UTC","userId":"95d331ab-5bd0-493e-8778-5fbc9860aef1"}
{"level":"info","message":"DB:getAllPosts success","operation":"LIST_POSTS","page":1,"perPage":4,"searchTerm":null,"service":"code-connect","step":"DATABASE","timestamp":"2025-00-00 22:00:41"}
{"environment":"development","level":"info","message":"[EVENT] PAGE_VIEW -> HOME_VIEW","operation":"HOME_VIEW","service":"code-connect","step":"PAGE_VIEW","timestamp":"2025-00-00 22:00:41","timezone":"UTC","userId":"95d331ab-5bd0-493e-8778-5fbc9860aef1"}
{"environment":"development","level":"info","message":"[EVENT] PAGE_VIEW -> POST_SLUG_VIEW","operation":"POST_SLUG_VIEW","service":"code-connect","slug":"construindo-spa-com-vuejs","step":"PAGE_VIEW","timestamp":"2025-01-00 22:01:11","timezone":"UTC","userId":"anonymous"}
{"environment":"development","level":"info","message":"[EVENT] PAGE_VIEW -> POST_SLUG_VIEW","operation":"POST_SLUG_VIEW","service":"code-connect","slug":"construindo-spa-com-vuejs","step":"PAGE_VIEW","timestamp":"2025-20-00 22:20:26","timezone":"UTC","userId":"anonymous"}
{"environment":"development","level":"info","message":"[EVENT] PAGE_VIEW -> POST_SLUG_VIEW","operation":"POST_SLUG_VIEW","service":"code-connect","slug":"construindo-spa-com-vuejs","step":"PAGE_VIEW","timestamp":"2025-21-00 22:21:19","timezone":"UTC","userId":"anonymous"}
{"level":"info","message":"DB:getAllPosts success","operation":"LIST_POSTS","page":1,"perPage":4,"searchTerm":null,"service":"code-connect","step":"DATABASE","timestamp":"2025-32-00 22:32:05"}
{"environment":"development","level":"info","message":"[EVENT] PAGE_VIEW -> HOME_VIEW","operation":"HOME_VIEW","service":"code-connect","step":"PAGE_VIEW","timestamp":"2025-32-00 22:32:05","timezone":"UTC","userId":"95d331ab-5bd0-493e-8778-5fbc9860aef1"}
{"level":"info","message":"DB:getAllPosts success","operation":"LIST_POSTS","page":1,"perPage":4,"searchTerm":null,"service":"code-connect","step":"DATABASE","timestamp":"2025-26-01 13:26:13"}
{"environment":"development","level":"info","message":"[EVENT] PAGE_VIEW -> HOME_VIEW","operation":"HOME_VIEW","service":"code-connect","step":"PAGE_VIEW","timestamp":"2025-26-01 13:26:13","timezone":"UTC","userId":"95d331ab-5bd0-493e-8778-5fbc9860aef1"}
{"level":"info","message":"DB:getAllPosts success","operation":"LIST_POSTS","page":2,"perPage":4,"searchTerm":null,"service":"code-connect","step":"DATABASE","timestamp":"2025-26-01 13:26:27"}
{"environment":"development","level":"info","message":"[EVENT] PAGE_VIEW -> HOME_VIEW","operation":"HOME_VIEW","service":"code-connect","step":"PAGE_VIEW","timestamp":"2025-26-01 13:26:27","timezone":"UTC","userId":"95d331ab-5bd0-493e-8778-5fbc9860aef1"}
{"level":"info","message":"DB:getAllPosts success","operation":"LIST_POSTS","page":3,"perPage":4,"searchTerm":null,"service":"code-connect","step":"DATABASE","timestamp":"2025-26-01 13:26:30"}
{"environment":"development","level":"info","message":"[EVENT] PAGE_VIEW -> HOME_VIEW","operation":"HOME_VIEW","service":"code-connect","step":"PAGE_VIEW","timestamp":"2025-26-01 13:26:30","timezone":"UTC","userId":"95d331ab-5bd0-493e-8778-5fbc9860aef1"}
{"level":"info","message":"DB:getAllPosts success","operation":"LIST_POSTS","page":3,"perPage":4,"searchTerm":null,"service":"code-connect","step":"DATABASE","timestamp":"2025-26-01 13:26:37"}
{"environment":"development","level":"info","message":"[EVENT] PAGE_VIEW -> HOME_VIEW","operation":"HOME_VIEW","service":"code-connect","step":"PAGE_VIEW","timestamp":"2025-26-01 13:26:37","timezone":"UTC","userId":"95d331ab-5bd0-493e-8778-5fbc9860aef1"}
{"level":"info","message":"DB:getAllPosts success","operation":"LIST_POSTS","page":3,"perPage":4,"searchTerm":null,"service":"code-connect","step":"DATABASE","timestamp":"2025-48-01 13:48:14"}
{"environment":"development","level":"info","message":"[EVENT] PAGE_VIEW -> HOME_VIEW","operation":"HOME_VIEW","service":"code-connect","step":"PAGE_VIEW","timestamp":"2025-48-01 13:48:14","timezone":"UTC","userId":"95d331ab-5bd0-493e-8778-5fbc9860aef1"}
{"level":"info","message":"DB:getAllPosts success","operation":"LIST_POSTS","page":3,"perPage":4,"searchTerm":null,"service":"code-connect","step":"DATABASE","timestamp":"2025-48-01 13:48:19"}
{"environment":"development","level":"info","message":"[EVENT] PAGE_VIEW -> HOME_VIEW","operation":"HOME_VIEW","service":"code-connect","step":"PAGE_VIEW","timestamp":"2025-48-01 13:48:19","timezone":"UTC","userId":"95d331ab-5bd0-493e-8778-5fbc9860aef1"}
{"level":"info","message":"DB:getAllPosts success","operation":"LIST_POSTS","page":3,"perPage":4,"searchTerm":null,"service":"code-connect","step":"DATABASE","timestamp":"2025-48-01 13:48:34"}
{"environment":"development","level":"info","message":"[EVENT] PAGE_VIEW -> HOME_VIEW","operation":"HOME_VIEW","service":"code-connect","step":"PAGE_VIEW","timestamp":"2025-48-01 13:48:34","timezone":"UTC","userId":"95d331ab-5bd0-493e-8778-5fbc9860aef1"}
{"level":"info","message":"DB:getAllPosts success","operation":"LIST_POSTS","page":3,"perPage":4,"searchTerm":null,"service":"code-connect","step":"DATABASE","timestamp":"2025-49-01 13:49:37"}
{"environment":"development","level":"info","message":"[EVENT] PAGE_VIEW -> HOME_VIEW","operation":"HOME_VIEW","service":"code-connect","step":"PAGE_VIEW","timestamp":"2025-49-01 13:49:37","timezone":"UTC","userId":"95d331ab-5bd0-493e-8778-5fbc9860aef1"}
{"level":"info","message":"DB:getAllPosts success","operation":"LIST_POSTS","page":3,"perPage":4,"searchTerm":null,"service":"code-connect","step":"DATABASE","timestamp":"2025-52-01 13:52:16"}
{"environment":"development","level":"info","message":"[EVENT] PAGE_VIEW -> HOME_VIEW","operation":"HOME_VIEW","service":"code-connect","step":"PAGE_VIEW","timestamp":"2025-52-01 13:52:16","timezone":"UTC","userId":"95d331ab-5bd0-493e-8778-5fbc9860aef1"}
{"environment":"development","level":"info","message":"[EVENT] AUTH -> LOGIN_SUCCESS","operation":"LOGIN_SUCCESS","service":"code-connect","step":"AUTH","timestamp":"2025-57-01 13:57:59","timezone":"UTC","userId":"95d331ab-5bd0-493e-8778-5fbc9860aef1"}
{"level":"info","message":"DB:getAllPosts success","operation":"LIST_POSTS","page":1,"perPage":4,"searchTerm":null,"service":"code-connect","step":"DATABASE","timestamp":"2025-57-01 13:57:59"}
{"environment":"development","level":"info","message":"[EVENT] PAGE_VIEW -> HOME_VIEW","operation":"HOME_VIEW","service":"code-connect","step":"PAGE_VIEW","timestamp":"2025-57-01 13:57:59","timezone":"UTC","userId":"95d331ab-5bd0-493e-8778-5fbc9860aef1"}
{"level":"info","message":"DB:getAllPosts success","operation":"LIST_POSTS","page":2,"perPage":4,"searchTerm":null,"service":"code-connect","step":"DATABASE","timestamp":"2025-58-01 13:58:03"}
{"environment":"development","level":"info","message":"[EVENT] PAGE_VIEW -> HOME_VIEW","operation":"HOME_VIEW","service":"code-connect","step":"PAGE_VIEW","timestamp":"2025-58-01 13:58:03","timezone":"UTC","userId":"95d331ab-5bd0-493e-8778-5fbc9860aef1"}
{"level":"info","message":"DB:getAllPosts success","operation":"LIST_POSTS","page":3,"perPage":4,"searchTerm":null,"service":"code-connect","step":"DATABASE","timestamp":"2025-58-01 13:58:06"}
{"environment":"development","level":"info","message":"[EVENT] PAGE_VIEW -> HOME_VIEW","operation":"HOME_VIEW","service":"code-connect","step":"PAGE_VIEW","timestamp":"2025-58-01 13:58:06","timezone":"UTC","userId":"95d331ab-5bd0-493e-8778-5fbc9860aef1"}
{"level":"info","message":"DB:getAllPosts success","operation":"LIST_POSTS","page":3,"perPage":4,"searchTerm":null,"service":"code-connect","step":"DATABASE","timestamp":"2025-58-01 13:58:17"}
{"environment":"development","level":"info","message":"[EVENT] PAGE_VIEW -> HOME_VIEW","operation":"HOME_VIEW","service":"code-connect","step":"PAGE_VIEW","timestamp":"2025-58-01 13:58:17","timezone":"UTC","userId":"95d331ab-5bd0-493e-8778-5fbc9860aef1"}
{"environment":"development","level":"info","message":"[EVENT] AUTH -> LOGIN_SUCCESS","operation":"LOGIN_SUCCESS","service":"code-connect","step":"AUTH","timestamp":"2025-50-01 14:50:20","timezone":"UTC","userId":"95d331ab-5bd0-493e-8778-5fbc9860aef1"}
{"level":"info","message":"DB:getAllPosts success","operation":"LIST_POSTS","page":1,"perPage":4,"searchTerm":null,"service":"code-connect","step":"DATABASE","timestamp":"2025-50-01 14:50:21"}
{"environment":"development","level":"info","message":"[EVENT] PAGE_VIEW -> HOME_VIEW","operation":"HOME_VIEW","service":"code-connect","step":"PAGE_VIEW","timestamp":"2025-50-01 14:50:21","timezone":"UTC","userId":"95d331ab-5bd0-493e-8778-5fbc9860aef1"}
{"level":"info","message":"DB:getAllPosts success","operation":"LIST_POSTS","page":2,"perPage":4,"searchTerm":null,"service":"code-connect","step":"DATABASE","timestamp":"2025-50-01 14:50:26"}
{"environment":"development","level":"info","message":"[EVENT] PAGE_VIEW -> HOME_VIEW","operation":"HOME_VIEW","service":"code-connect","step":"PAGE_VIEW","timestamp":"2025-50-01 14:50:26","timezone":"UTC","userId":"95d331ab-5bd0-493e-8778-5fbc9860aef1"}
{"level":"info","message":"DB:getAllPosts success","operation":"LIST_POSTS","page":3,"perPage":4,"searchTerm":null,"service":"code-connect","step":"DATABASE","timestamp":"2025-50-01 14:50:29"}
{"environment":"development","level":"info","message":"[EVENT] PAGE_VIEW -> HOME_VIEW","operation":"HOME_VIEW","service":"code-connect","step":"PAGE_VIEW","timestamp":"2025-50-01 14:50:29","timezone":"UTC","userId":"95d331ab-5bd0-493e-8778-5fbc9860aef1"}
{"environment":"development","error":{"__isAuthError":true,"code":"invalid_credentials","name":"AuthApiError","status":400},"level":"error","message":"[EVENT ERROR] AUTH -> LOGIN_FAILED","operation":"LOGIN_FAILED","service":"code-connect","step":"AUTH","timestamp":"2025-54-01 14:54:09","timezone":"UTC","userId":"anonymous"}
{"environment":"development","level":"info","message":"[EVENT] AUTH -> LOGIN_SUCCESS","operation":"LOGIN_SUCCESS","service":"code-connect","step":"AUTH","timestamp":"2025-54-01 14:54:17","timezone":"UTC","userId":"95d331ab-5bd0-493e-8778-5fbc9860aef1"}
{"level":"info","message":"DB:getAllPosts success","operation":"LIST_POSTS","page":1,"perPage":4,"searchTerm":null,"service":"code-connect","step":"DATABASE","timestamp":"2025-54-01 14:54:18"}
{"environment":"development","level":"info","message":"[EVENT] PAGE_VIEW -> HOME_VIEW","operation":"HOME_VIEW","service":"code-connect","step":"PAGE_VIEW","timestamp":"2025-54-01 14:54:18","timezone":"UTC","userId":"95d331ab-5bd0-493e-8778-5fbc9860aef1"}
{"environment":"development","level":"info","message":"[EVENT] AUTH -> LOGIN_SUCCESS","operation":"LOGIN_SUCCESS","service":"code-connect","step":"AUTH","timestamp":"2025-59-01 14:59:52","timezone":"UTC","userId":"95d331ab-5bd0-493e-8778-5fbc9860aef1"}
{"level":"info","message":"DB:getAllPosts success","operation":"LIST_POSTS","page":1,"perPage":4,"searchTerm":null,"service":"code-connect","step":"DATABASE","timestamp":"2025-59-01 14:59:52"}
{"environment":"development","level":"info","message":"[EVENT] PAGE_VIEW -> HOME_VIEW","operation":"HOME_VIEW","service":"code-connect","step":"PAGE_VIEW","timestamp":"2025-59-01 14:59:52","timezone":"UTC","userId":"95d331ab-5bd0-493e-8778-5fbc9860aef1"}
{"environment":"development","level":"info","message":"[EVENT] AUTH -> LOGIN_SUCCESS","operation":"LOGIN_SUCCESS","service":"code-connect","step":"AUTH","timestamp":"2025-05-01 15:05:23","timezone":"UTC","userId":"95d331ab-5bd0-493e-8778-5fbc9860aef1"}
{"level":"info","message":"DB:getAllPosts success","operation":"LIST_POSTS","page":1,"perPage":4,"searchTerm":null,"service":"code-connect","step":"DATABASE","timestamp":"2025-05-01 15:05:24"}
{"environment":"development","level":"info","message":"[EVENT] PAGE_VIEW -> HOME_VIEW","operation":"HOME_VIEW","service":"code-connect","step":"PAGE_VIEW","timestamp":"2025-05-01 15:05:24","timezone":"UTC","userId":"95d331ab-5bd0-493e-8778-5fbc9860aef1"}
{"environment":"development","level":"info","message":"[EVENT] AUTH -> LOGIN_SUCCESS","operation":"LOGIN_SUCCESS","service":"code-connect","step":"AUTH","timestamp":"2025-08-01 15:08:17","timezone":"UTC","userId":"95d331ab-5bd0-493e-8778-5fbc9860aef1"}
{"level":"info","message":"DB:getAllPosts success","operation":"LIST_POSTS","page":1,"perPage":4,"searchTerm":null,"service":"code-connect","step":"DATABASE","timestamp":"2025-08-01 15:08:17"}
{"environment":"development","level":"info","message":"[EVENT] PAGE_VIEW -> HOME_VIEW","operation":"HOME_VIEW","service":"code-connect","step":"PAGE_VIEW","timestamp":"2025-08-01 15:08:17","timezone":"UTC","userId":"95d331ab-5bd0-493e-8778-5fbc9860aef1"}
{"environment":"development","level":"info","message":"[EVENT] AUTH -> LOGIN_SUCCESS","operation":"LOGIN_SUCCESS","service":"code-connect","step":"AUTH","timestamp":"2025-10-01 15:10:16","timezone":"UTC","userId":"95d331ab-5bd0-493e-8778-5fbc9860aef1"}
{"level":"info","message":"DB:getAllPosts success","operation":"LIST_POSTS","page":1,"perPage":4,"searchTerm":null,"service":"code-connect","step":"DATABASE","timestamp":"2025-10-01 15:10:17"}
{"environment":"development","level":"info","message":"[EVENT] PAGE_VIEW -> HOME_VIEW","operation":"HOME_VIEW","service":"code-connect","step":"PAGE_VIEW","timestamp":"2025-10-01 15:10:17","timezone":"UTC","userId":"95d331ab-5bd0-493e-8778-5fbc9860aef1"}
{"level":"info","message":"DB:getAllPosts success","operation":"LIST_POSTS","page":1,"perPage":4,"searchTerm":null,"service":"code-connect","step":"DATABASE","timestamp":"2025-11-01 15:11:14"}
{"environment":"development","level":"info","message":"[EVENT] PAGE_VIEW -> HOME_VIEW","operation":"HOME_VIEW","service":"code-connect","step":"PAGE_VIEW","timestamp":"2025-11-01 15:11:14","timezone":"UTC","userId":"95d331ab-5bd0-493e-8778-5fbc9860aef1"}
{"level":"info","message":"DB:getAllPosts success","operation":"LIST_POSTS","page":1,"perPage":4,"searchTerm":null,"service":"code-connect","step":"DATABASE","timestamp":"2025-11-01 15:11:15"}
{"environment":"development","level":"info","message":"[EVENT] PAGE_VIEW -> HOME_VIEW","operation":"HOME_VIEW","service":"code-connect","step":"PAGE_VIEW","timestamp":"2025-11-01 15:11:15","timezone":"UTC","userId":"95d331ab-5bd0-493e-8778-5fbc9860aef1"}
{"environment":"development","level":"info","message":"[EVENT] AUTH -> LOGIN_SUCCESS","operation":"LOGIN_SUCCESS","service":"code-connect","step":"AUTH","timestamp":"2025-12-01 15:12:45","timezone":"UTC","userId":"95d331ab-5bd0-493e-8778-5fbc9860aef1"}
{"level":"info","message":"DB:getAllPosts success","operation":"LIST_POSTS","page":1,"perPage":4,"searchTerm":null,"service":"code-connect","step":"DATABASE","timestamp":"2025-12-01 15:12:46"}
{"environment":"development","level":"info","message":"[EVENT] PAGE_VIEW -> HOME_VIEW","operation":"HOME_VIEW","service":"code-connect","step":"PAGE_VIEW","timestamp":"2025-12-01 15:12:46","timezone":"UTC","userId":"95d331ab-5bd0-493e-8778-5fbc9860aef1"}
{"level":"info","message":"DB:getAllPosts success","operation":"LIST_POSTS","page":1,"perPage":4,"searchTerm":null,"service":"code-connect","step":"DATABASE","timestamp":"2025-13-01 15:13:40"}
{"environment":"development","level":"info","message":"[EVENT] PAGE_VIEW -> HOME_VIEW","operation":"HOME_VIEW","service":"code-connect","step":"PAGE_VIEW","timestamp":"2025-13-01 15:13:40","timezone":"UTC","userId":"95d331ab-5bd0-493e-8778-5fbc9860aef1"}
{"environment":"development","level":"info","message":"[EVENT] AUTH -> LOGIN_SUCCESS","operation":"LOGIN_SUCCESS","service":"code-connect","step":"AUTH","timestamp":"2025-14-01 15:14:20","timezone":"UTC","userId":"95d331ab-5bd0-493e-8778-5fbc9860aef1"}
{"level":"info","message":"DB:getAllPosts success","operation":"LIST_POSTS","page":1,"perPage":4,"searchTerm":null,"service":"code-connect","step":"DATABASE","timestamp":"2025-14-01 15:14:21"}
{"environment":"development","level":"info","message":"[EVENT] PAGE_VIEW -> HOME_VIEW","operation":"HOME_VIEW","service":"code-connect","step":"PAGE_VIEW","timestamp":"2025-14-01 15:14:21","timezone":"UTC","userId":"95d331ab-5bd0-493e-8778-5fbc9860aef1"}
{"level":"info","message":"DB:getAllPosts success","operation":"LIST_POSTS","page":1,"perPage":4,"searchTerm":null,"service":"code-connect","step":"DATABASE","timestamp":"2025-22-01 15:22:12"}
{"environment":"development","level":"info","message":"[EVENT] PAGE_VIEW -> HOME_VIEW","operation":"HOME_VIEW","service":"code-connect","step":"PAGE_VIEW","timestamp":"2025-22-01 15:22:12","timezone":"UTC","userId":"95d331ab-5bd0-493e-8778-5fbc9860aef1"}
{"level":"info","message":"DB:getAllPosts success","operation":"LIST_POSTS","page":1,"perPage":4,"searchTerm":null,"service":"code-connect","step":"DATABASE","timestamp":"2025-25-01 15:25:05"}
{"environment":"development","level":"info","message":"[EVENT] PAGE_VIEW -> HOME_VIEW","operation":"HOME_VIEW","service":"code-connect","step":"PAGE_VIEW","timestamp":"2025-25-01 15:25:05","timezone":"UTC","userId":"95d331ab-5bd0-493e-8778-5fbc9860aef1"}
{"level":"info","message":"DB:getAllPosts success","operation":"LIST_POSTS","page":1,"perPage":4,"searchTerm":null,"service":"code-connect","step":"DATABASE","timestamp":"2025-25-01 15:25:05"}
{"environment":"development","level":"info","message":"[EVENT] PAGE_VIEW -> HOME_VIEW","operation":"HOME_VIEW","service":"code-connect","step":"PAGE_VIEW","timestamp":"2025-25-01 15:25:05","timezone":"UTC","userId":"95d331ab-5bd0-493e-8778-5fbc9860aef1"}
{"environment":"development","error":{"__isAuthError":true,"code":"invalid_credentials","name":"AuthApiError","status":400},"level":"error","message":"[EVENT ERROR] AUTH -> LOGIN_FAILED","operation":"LOGIN_FAILED","service":"code-connect","step":"AUTH","timestamp":"2025-25-01 15:25:34","timezone":"UTC","userId":"anonymous"}
{"environment":"development","error":{"__isAuthError":true,"code":"invalid_credentials","name":"AuthApiError","status":400},"level":"error","message":"[EVENT ERROR] AUTH -> LOGIN_FAILED","operation":"LOGIN_FAILED","service":"code-connect","step":"AUTH","timestamp":"2025-25-01 15:25:46","timezone":"UTC","userId":"anonymous"}
{"environment":"development","error":{"__isAuthError":true,"code":"invalid_credentials","name":"AuthApiError","status":400},"level":"error","message":"[EVENT ERROR] AUTH -> LOGIN_FAILED","operation":"LOGIN_FAILED","service":"code-connect","step":"AUTH","timestamp":"2025-25-01 15:25:49","timezone":"UTC","userId":"anonymous"}
{"environment":"development","error":{"__isAuthError":true,"code":"invalid_credentials","name":"AuthApiError","status":400},"level":"error","message":"[EVENT ERROR] AUTH -> LOGIN_FAILED","operation":"LOGIN_FAILED","service":"code-connect","step":"AUTH","timestamp":"2025-25-01 15:25:58","timezone":"UTC","userId":"anonymous"}
{"environment":"development","error":{"__isAuthError":true,"code":"invalid_credentials","name":"AuthApiError","status":400},"level":"error","message":"[EVENT ERROR] AUTH -> LOGIN_FAILED","operation":"LOGIN_FAILED","service":"code-connect","step":"AUTH","timestamp":"2025-26-01 15:26:14","timezone":"UTC","userId":"anonymous"}
{"environment":"development","error":{"__isAuthError":true,"code":"invalid_credentials","name":"AuthApiError","status":400},"level":"error","message":"[EVENT ERROR] AUTH -> LOGIN_FAILED","operation":"LOGIN_FAILED","service":"code-connect","step":"AUTH","timestamp":"2025-26-01 15:26:18","timezone":"UTC","userId":"anonymous"}
{"environment":"development","level":"info","message":"[EVENT] AUTH -> LOGIN_SUCCESS","operation":"LOGIN_SUCCESS","service":"code-connect","step":"AUTH","timestamp":"2025-26-01 15:26:32","timezone":"UTC","userId":"95d331ab-5bd0-493e-8778-5fbc9860aef1"}
{"level":"info","message":"DB:getAllPosts success","operation":"LIST_POSTS","page":1,"perPage":4,"searchTerm":null,"service":"code-connect","step":"DATABASE","timestamp":"2025-26-01 15:26:33"}
{"environment":"development","level":"info","message":"[EVENT] PAGE_VIEW -> HOME_VIEW","operation":"HOME_VIEW","service":"code-connect","step":"PAGE_VIEW","timestamp":"2025-26-01 15:26:33","timezone":"UTC","userId":"95d331ab-5bd0-493e-8778-5fbc9860aef1"}
{"level":"info","message":"DB:getAllPosts success","operation":"LIST_POSTS","page":1,"perPage":4,"searchTerm":null,"service":"code-connect","step":"DATABASE","timestamp":"2025-28-01 15:28:24"}
{"environment":"development","level":"info","message":"[EVENT] PAGE_VIEW -> HOME_VIEW","operation":"HOME_VIEW","service":"code-connect","step":"PAGE_VIEW","timestamp":"2025-28-01 15:28:24","timezone":"UTC","userId":"95d331ab-5bd0-493e-8778-5fbc9860aef1"}
{"level":"info","message":"DB:getAllPosts success","operation":"LIST_POSTS","page":1,"perPage":4,"searchTerm":null,"service":"code-connect","step":"DATABASE","timestamp":"2025-28-01 15:28:44"}
{"environment":"development","level":"info","message":"[EVENT] PAGE_VIEW -> HOME_VIEW","operation":"HOME_VIEW","service":"code-connect","step":"PAGE_VIEW","timestamp":"2025-28-01 15:28:44","timezone":"UTC","userId":"95d331ab-5bd0-493e-8778-5fbc9860aef1"}
{"level":"info","message":"DB:getAllPosts success","operation":"LIST_POSTS","page":2,"perPage":4,"searchTerm":null,"service":"code-connect","step":"DATABASE","timestamp":"2025-28-01 15:28:47"}
{"environment":"development","level":"info","message":"[EVENT] PAGE_VIEW -> HOME_VIEW","operation":"HOME_VIEW","service":"code-connect","step":"PAGE_VIEW","timestamp":"2025-28-01 15:28:47","timezone":"UTC","userId":"95d331ab-5bd0-493e-8778-5fbc9860aef1"}
{"level":"info","message":"DB:getAllPosts success","operation":"LIST_POSTS","page":3,"perPage":4,"searchTerm":null,"service":"code-connect","step":"DATABASE","timestamp":"2025-28-01 15:28:49"}
{"environment":"development","level":"info","message":"[EVENT] PAGE_VIEW -> HOME_VIEW","operation":"HOME_VIEW","service":"code-connect","step":"PAGE_VIEW","timestamp":"2025-28-01 15:28:49","timezone":"UTC","userId":"95d331ab-5bd0-493e-8778-5fbc9860aef1"}
{"level":"info","message":"DB:getAllPosts success","operation":"LIST_POSTS","page":1,"perPage":4,"searchTerm":null,"service":"code-connect","step":"DATABASE","timestamp":"2025-31-01 15:31:28"}
{"environment":"development","level":"info","message":"[EVENT] PAGE_VIEW -> HOME_VIEW","operation":"HOME_VIEW","service":"code-connect","step":"PAGE_VIEW","timestamp":"2025-31-01 15:31:28","timezone":"UTC","userId":"95d331ab-5bd0-493e-8778-5fbc9860aef1"}
{"level":"info","message":"DB:getAllPosts success","operation":"LIST_POSTS","page":1,"perPage":4,"searchTerm":null,"service":"code-connect","step":"DATABASE","timestamp":"2025-34-01 15:34:39"}
{"environment":"development","level":"info","message":"[EVENT] PAGE_VIEW -> HOME_VIEW","operation":"HOME_VIEW","service":"code-connect","step":"PAGE_VIEW","timestamp":"2025-34-01 15:34:39","timezone":"UTC","userId":"95d331ab-5bd0-493e-8778-5fbc9860aef1"}
{"level":"info","message":"DB:getAllPosts success","operation":"LIST_POSTS","page":1,"perPage":4,"searchTerm":null,"service":"code-connect","step":"DATABASE","timestamp":"2025-45-01 15:45:42"}
{"environment":"development","level":"info","message":"[EVENT] PAGE_VIEW -> HOME_VIEW","operation":"HOME_VIEW","service":"code-connect","step":"PAGE_VIEW","timestamp":"2025-45-01 15:45:42","timezone":"UTC","userId":"95d331ab-5bd0-493e-8778-5fbc9860aef1"}
{"level":"info","message":"DB:getAllPosts success","operation":"LIST_POSTS","page":1,"perPage":4,"searchTerm":null,"service":"code-connect","step":"DATABASE","timestamp":"2025-09-01 16:09:09"}
{"environment":"development","level":"info","message":"[EVENT] PAGE_VIEW -> HOME_VIEW","operation":"HOME_VIEW","service":"code-connect","step":"PAGE_VIEW","timestamp":"2025-09-01 16:09:09","timezone":"UTC","userId":"95d331ab-5bd0-493e-8778-5fbc9860aef1"}
{"level":"info","message":"DB:getAllPosts success","operation":"LIST_POSTS","page":2,"perPage":4,"searchTerm":null,"service":"code-connect","step":"DATABASE","timestamp":"2025-09-01 16:09:12"}
{"environment":"development","level":"info","message":"[EVENT] PAGE_VIEW -> HOME_VIEW","operation":"HOME_VIEW","service":"code-connect","step":"PAGE_VIEW","timestamp":"2025-09-01 16:09:12","timezone":"UTC","userId":"95d331ab-5bd0-493e-8778-5fbc9860aef1"}
{"level":"info","message":"DB:getAllPosts success","operation":"LIST_POSTS","page":3,"perPage":4,"searchTerm":null,"service":"code-connect","step":"DATABASE","timestamp":"2025-09-01 16:09:15"}
{"environment":"development","level":"info","message":"[EVENT] PAGE_VIEW -> HOME_VIEW","operation":"HOME_VIEW","service":"code-connect","step":"PAGE_VIEW","timestamp":"2025-09-01 16:09:15","timezone":"UTC","userId":"95d331ab-5bd0-493e-8778-5fbc9860aef1"}
{"level":"info","message":"DB:getAllPosts success","operation":"LIST_POSTS","page":2,"perPage":4,"searchTerm":null,"service":"code-connect","step":"DATABASE","timestamp":"2025-09-01 16:09:19"}
{"environment":"development","level":"info","message":"[EVENT] PAGE_VIEW -> HOME_VIEW","operation":"HOME_VIEW","service":"code-connect","step":"PAGE_VIEW","timestamp":"2025-09-01 16:09:19","timezone":"UTC","userId":"95d331ab-5bd0-493e-8778-5fbc9860aef1"}
{"level":"info","message":"DB:getAllPosts success","operation":"LIST_POSTS","page":1,"perPage":4,"searchTerm":null,"service":"code-connect","step":"DATABASE","timestamp":"2025-09-01 16:09:22"}
{"environment":"development","level":"info","message":"[EVENT] PAGE_VIEW -> HOME_VIEW","operation":"HOME_VIEW","service":"code-connect","step":"PAGE_VIEW","timestamp":"2025-09-01 16:09:22","timezone":"UTC","userId":"95d331ab-5bd0-493e-8778-5fbc9860aef1"}
{"level":"info","message":"DB:getAllPosts success","operation":"LIST_POSTS","page":2,"perPage":4,"searchTerm":null,"service":"code-connect","step":"DATABASE","timestamp":"2025-09-01 16:09:24"}
{"environment":"development","level":"info","message":"[EVENT] PAGE_VIEW -> HOME_VIEW","operation":"HOME_VIEW","service":"code-connect","step":"PAGE_VIEW","timestamp":"2025-09-01 16:09:24","timezone":"UTC","userId":"95d331ab-5bd0-493e-8778-5fbc9860aef1"}
{"level":"info","message":"DB:getAllPosts success","operation":"LIST_POSTS","page":1,"perPage":4,"searchTerm":null,"service":"code-connect","step":"DATABASE","timestamp":"2025-09-01 16:09:27"}
{"environment":"development","level":"info","message":"[EVENT] PAGE_VIEW -> HOME_VIEW","operation":"HOME_VIEW","service":"code-connect","step":"PAGE_VIEW","timestamp":"2025-09-01 16:09:27","timezone":"UTC","userId":"95d331ab-5bd0-493e-8778-5fbc9860aef1"}
{"level":"info","message":"DB:getAllPosts success","operation":"LIST_POSTS","page":1,"perPage":4,"searchTerm":null,"service":"code-connect","step":"DATABASE","timestamp":"2025-10-01 16:10:07"}
{"environment":"development","level":"info","message":"[EVENT] PAGE_VIEW -> HOME_VIEW","operation":"HOME_VIEW","service":"code-connect","step":"PAGE_VIEW","timestamp":"2025-10-01 16:10:07","timezone":"UTC","userId":"95d331ab-5bd0-493e-8778-5fbc9860aef1"}
{"level":"info","message":"DB:getAllPosts success","operation":"LIST_POSTS","page":1,"perPage":4,"searchTerm":null,"service":"code-connect","step":"DATABASE","timestamp":"2025-10-01 16:10:15"}
{"environment":"development","level":"info","message":"[EVENT] PAGE_VIEW -> HOME_VIEW","operation":"HOME_VIEW","service":"code-connect","step":"PAGE_VIEW","timestamp":"2025-10-01 16:10:15","timezone":"UTC","userId":"95d331ab-5bd0-493e-8778-5fbc9860aef1"}
{"level":"info","message":"DB:getAllPosts success","operation":"LIST_POSTS","page":1,"perPage":4,"searchTerm":null,"service":"code-connect","step":"DATABASE","timestamp":"2025-10-01 16:10:38"}
{"environment":"development","level":"info","message":"[EVENT] PAGE_VIEW -> HOME_VIEW","operation":"HOME_VIEW","service":"code-connect","step":"PAGE_VIEW","timestamp":"2025-10-01 16:10:38","timezone":"UTC","userId":"95d331ab-5bd0-493e-8778-5fbc9860aef1"}
{"level":"info","message":"DB:getAllPosts success","operation":"LIST_POSTS","page":1,"perPage":4,"searchTerm":null,"service":"code-connect","step":"DATABASE","timestamp":"2025-10-01 16:10:54"}
{"environment":"development","level":"info","message":"[EVENT] PAGE_VIEW -> HOME_VIEW","operation":"HOME_VIEW","service":"code-connect","step":"PAGE_VIEW","timestamp":"2025-10-01 16:10:54","timezone":"UTC","userId":"95d331ab-5bd0-493e-8778-5fbc9860aef1"}
{"level":"info","message":"DB:getAllPosts success","operation":"LIST_POSTS","page":1,"perPage":4,"searchTerm":null,"service":"code-connect","step":"DATABASE","timestamp":"2025-10-01 16:10:58"}
{"environment":"development","level":"info","message":"[EVENT] PAGE_VIEW -> HOME_VIEW","operation":"HOME_VIEW","service":"code-connect","step":"PAGE_VIEW","timestamp":"2025-10-01 16:10:58","timezone":"UTC","userId":"95d331ab-5bd0-493e-8778-5fbc9860aef1"}
{"level":"info","message":"DB:getAllPosts success","operation":"LIST_POSTS","page":1,"perPage":4,"searchTerm":null,"service":"code-connect","step":"DATABASE","timestamp":"2025-11-01 16:11:15"}
{"environment":"development","level":"info","message":"[EVENT] PAGE_VIEW -> HOME_VIEW","operation":"HOME_VIEW","service":"code-connect","step":"PAGE_VIEW","timestamp":"2025-11-01 16:11:15","timezone":"UTC","userId":"95d331ab-5bd0-493e-8778-5fbc9860aef1"}
{"level":"info","message":"DB:getAllPosts success","operation":"LIST_POSTS","page":1,"perPage":4,"searchTerm":null,"service":"code-connect","step":"DATABASE","timestamp":"2025-50-01 16:50:11"}
{"environment":"development","level":"info","message":"[EVENT] PAGE_VIEW -> HOME_VIEW","operation":"HOME_VIEW","service":"code-connect","step":"PAGE_VIEW","timestamp":"2025-50-01 16:50:11","timezone":"UTC","userId":"95d331ab-5bd0-493e-8778-5fbc9860aef1"}
{"environment":"development","level":"info","message":"[EVENT] AUTH -> LOGIN_SUCCESS","operation":"LOGIN_SUCCESS","service":"code-connect","step":"AUTH","timestamp":"2025-58-01 16:58:09","timezone":"UTC","userId":"95d331ab-5bd0-493e-8778-5fbc9860aef1"}
{"level":"info","message":"DB:getAllPosts success","operation":"LIST_POSTS","page":1,"perPage":4,"searchTerm":null,"service":"code-connect","step":"DATABASE","timestamp":"2025-58-01 16:58:10"}
{"environment":"development","level":"info","message":"[EVENT] PAGE_VIEW -> HOME_VIEW","operation":"HOME_VIEW","service":"code-connect","step":"PAGE_VIEW","timestamp":"2025-58-01 16:58:10","timezone":"UTC","userId":"95d331ab-5bd0-493e-8778-5fbc9860aef1"}
{"level":"info","message":"DB:getAllPosts success","operation":"LIST_POSTS","page":1,"perPage":4,"searchTerm":null,"service":"code-connect","step":"DATABASE","timestamp":"2025-01-01 17:01:12"}
{"environment":"development","level":"info","message":"[EVENT] PAGE_VIEW -> HOME_VIEW","operation":"HOME_VIEW","service":"code-connect","step":"PAGE_VIEW","timestamp":"2025-01-01 17:01:12","timezone":"UTC","userId":"95d331ab-5bd0-493e-8778-5fbc9860aef1"}
{"environment":"development","level":"info","message":"[EVENT] AUTH -> LOGIN_SUCCESS","operation":"LOGIN_SUCCESS","service":"code-connect","step":"AUTH","timestamp":"2025-01-01 17:01:27","timezone":"UTC","userId":"95d331ab-5bd0-493e-8778-5fbc9860aef1"}
{"level":"info","message":"DB:getAllPosts success","operation":"LIST_POSTS","page":1,"perPage":4,"searchTerm":null,"service":"code-connect","step":"DATABASE","timestamp":"2025-01-01 17:01:28"}
{"environment":"development","level":"info","message":"[EVENT] PAGE_VIEW -> HOME_VIEW","operation":"HOME_VIEW","service":"code-connect","step":"PAGE_VIEW","timestamp":"2025-01-01 17:01:28","timezone":"UTC","userId":"95d331ab-5bd0-493e-8778-5fbc9860aef1"}
{"level":"info","message":"DB:getAllPosts success","operation":"LIST_POSTS","page":1,"perPage":4,"searchTerm":null,"service":"code-connect","step":"DATABASE","timestamp":"2025-02-01 17:02:48"}
{"environment":"development","level":"info","message":"[EVENT] PAGE_VIEW -> HOME_VIEW","operation":"HOME_VIEW","service":"code-connect","step":"PAGE_VIEW","timestamp":"2025-02-01 17:02:48","timezone":"UTC","userId":"95d331ab-5bd0-493e-8778-5fbc9860aef1"}
{"environment":"development","level":"info","message":"[EVENT] AUTH -> LOGIN_SUCCESS","operation":"LOGIN_SUCCESS","service":"code-connect","step":"AUTH","timestamp":"2025-04-01 17:04:59","timezone":"UTC","userId":"95d331ab-5bd0-493e-8778-5fbc9860aef1"}
{"level":"info","message":"DB:getAllPosts success","operation":"LIST_POSTS","page":1,"perPage":4,"searchTerm":null,"service":"code-connect","step":"DATABASE","timestamp":"2025-04-01 17:04:59"}
{"environment":"development","level":"info","message":"[EVENT] PAGE_VIEW -> HOME_VIEW","operation":"HOME_VIEW","service":"code-connect","step":"PAGE_VIEW","timestamp":"2025-04-01 17:04:59","timezone":"UTC","userId":"95d331ab-5bd0-493e-8778-5fbc9860aef1"}
{"level":"info","message":"DB:getAllPosts success","operation":"LIST_POSTS","page":2,"perPage":4,"searchTerm":null,"service":"code-connect","step":"DATABASE","timestamp":"2025-05-01 17:05:15"}
{"environment":"development","level":"info","message":"[EVENT] PAGE_VIEW -> HOME_VIEW","operation":"HOME_VIEW","service":"code-connect","step":"PAGE_VIEW","timestamp":"2025-05-01 17:05:15","timezone":"UTC","userId":"95d331ab-5bd0-493e-8778-5fbc9860aef1"}
{"level":"info","message":"DB:getAllPosts success","operation":"LIST_POSTS","page":3,"perPage":4,"searchTerm":null,"service":"code-connect","step":"DATABASE","timestamp":"2025-05-01 17:05:21"}
{"environment":"development","level":"info","message":"[EVENT] PAGE_VIEW -> HOME_VIEW","operation":"HOME_VIEW","service":"code-connect","step":"PAGE_VIEW","timestamp":"2025-05-01 17:05:21","timezone":"UTC","userId":"95d331ab-5bd0-493e-8778-5fbc9860aef1"}
{"level":"info","message":"DB:getAllPosts success","operation":"LIST_POSTS","page":3,"perPage":4,"searchTerm":null,"service":"code-connect","step":"DATABASE","timestamp":"2025-06-01 17:06:42"}
{"environment":"development","level":"info","message":"[EVENT] PAGE_VIEW -> HOME_VIEW","operation":"HOME_VIEW","service":"code-connect","step":"PAGE_VIEW","timestamp":"2025-06-01 17:06:42","timezone":"UTC","userId":"95d331ab-5bd0-493e-8778-5fbc9860aef1"}
{"level":"info","message":"DB:getAllPosts success","operation":"LIST_POSTS","page":3,"perPage":4,"searchTerm":null,"service":"code-connect","step":"DATABASE","timestamp":"2025-06-01 17:06:43"}
{"environment":"development","level":"info","message":"[EVENT] PAGE_VIEW -> HOME_VIEW","operation":"HOME_VIEW","service":"code-connect","step":"PAGE_VIEW","timestamp":"2025-06-01 17:06:43","timezone":"UTC","userId":"95d331ab-5bd0-493e-8778-5fbc9860aef1"}
{"level":"info","message":"DB:getAllPosts success","operation":"LIST_POSTS","page":3,"perPage":4,"searchTerm":null,"service":"code-connect","step":"DATABASE","timestamp":"2025-07-01 17:07:01"}
{"environment":"development","level":"info","message":"[EVENT] PAGE_VIEW -> HOME_VIEW","operation":"HOME_VIEW","service":"code-connect","step":"PAGE_VIEW","timestamp":"2025-07-01 17:07:01","timezone":"UTC","userId":"95d331ab-5bd0-493e-8778-5fbc9860aef1"}
{"level":"info","message":"DB:getAllPosts success","operation":"LIST_POSTS","page":1,"perPage":4,"searchTerm":null,"service":"code-connect","step":"DATABASE","timestamp":"2025-10-01 17:10:00"}
{"environment":"development","level":"info","message":"[EVENT] PAGE_VIEW -> HOME_VIEW","operation":"HOME_VIEW","service":"code-connect","step":"PAGE_VIEW","timestamp":"2025-10-01 17:10:00","timezone":"UTC","userId":"95d331ab-5bd0-493e-8778-5fbc9860aef1"}
{"level":"info","message":"DB:getAllPosts success","operation":"LIST_POSTS","page":3,"perPage":4,"searchTerm":null,"service":"code-connect","step":"DATABASE","timestamp":"2025-10-01 17:10:11"}
{"environment":"development","level":"info","message":"[EVENT] PAGE_VIEW -> HOME_VIEW","operation":"HOME_VIEW","service":"code-connect","step":"PAGE_VIEW","timestamp":"2025-10-01 17:10:11","timezone":"UTC","userId":"95d331ab-5bd0-493e-8778-5fbc9860aef1"}
{"level":"info","message":"DB:getAllPosts success","operation":"LIST_POSTS","page":1,"perPage":4,"searchTerm":null,"service":"code-connect","step":"DATABASE","timestamp":"2025-11-01 17:11:09"}
{"environment":"development","level":"info","message":"[EVENT] PAGE_VIEW -> HOME_VIEW","operation":"HOME_VIEW","service":"code-connect","step":"PAGE_VIEW","timestamp":"2025-11-01 17:11:09","timezone":"UTC","userId":"95d331ab-5bd0-493e-8778-5fbc9860aef1"}
{"level":"info","message":"DB:getAllPosts success","operation":"LIST_POSTS","page":2,"perPage":4,"searchTerm":null,"service":"code-connect","step":"DATABASE","timestamp":"2025-12-01 17:12:39"}
{"environment":"development","level":"info","message":"[EVENT] PAGE_VIEW -> HOME_VIEW","operation":"HOME_VIEW","service":"code-connect","step":"PAGE_VIEW","timestamp":"2025-12-01 17:12:39","timezone":"UTC","userId":"95d331ab-5bd0-493e-8778-5fbc9860aef1"}
{"level":"info","message":"DB:getAllPosts success","operation":"LIST_POSTS","page":3,"perPage":4,"searchTerm":null,"service":"code-connect","step":"DATABASE","timestamp":"2025-12-01 17:12:41"}
{"environment":"development","level":"info","message":"[EVENT] PAGE_VIEW -> HOME_VIEW","operation":"HOME_VIEW","service":"code-connect","step":"PAGE_VIEW","timestamp":"2025-12-01 17:12:41","timezone":"UTC","userId":"95d331ab-5bd0-493e-8778-5fbc9860aef1"}
{"level":"info","message":"DB:getAllPosts success","operation":"LIST_POSTS","page":3,"perPage":4,"searchTerm":null,"service":"code-connect","step":"DATABASE","timestamp":"2025-13-01 17:13:40"}
{"environment":"development","level":"info","message":"[EVENT] PAGE_VIEW -> HOME_VIEW","operation":"HOME_VIEW","service":"code-connect","step":"PAGE_VIEW","timestamp":"2025-13-01 17:13:40","timezone":"UTC","userId":"95d331ab-5bd0-493e-8778-5fbc9860aef1"}
{"level":"info","message":"DB:getAllPosts success","operation":"LIST_POSTS","page":3,"perPage":4,"searchTerm":null,"service":"code-connect","step":"DATABASE","timestamp":"2025-15-01 17:15:34"}
{"environment":"development","level":"info","message":"[EVENT] PAGE_VIEW -> HOME_VIEW","operation":"HOME_VIEW","service":"code-connect","step":"PAGE_VIEW","timestamp":"2025-15-01 17:15:34","timezone":"UTC","userId":"95d331ab-5bd0-493e-8778-5fbc9860aef1"}
{"level":"info","message":"DB:getAllPosts success","operation":"LIST_POSTS","page":3,"perPage":4,"searchTerm":null,"service":"code-connect","step":"DATABASE","timestamp":"2025-16-01 17:16:11"}
{"environment":"development","level":"info","message":"[EVENT] PAGE_VIEW -> HOME_VIEW","operation":"HOME_VIEW","service":"code-connect","step":"PAGE_VIEW","timestamp":"2025-16-01 17:16:11","timezone":"UTC","userId":"95d331ab-5bd0-493e-8778-5fbc9860aef1"}
{"level":"info","message":"DB:getAllPosts success","operation":"LIST_POSTS","page":1,"perPage":4,"searchTerm":null,"service":"code-connect","step":"DATABASE","timestamp":"2025-27-01 17:27:20"}
{"environment":"development","level":"info","message":"[EVENT] PAGE_VIEW -> HOME_VIEW","operation":"HOME_VIEW","service":"code-connect","step":"PAGE_VIEW","timestamp":"2025-27-01 17:27:20","timezone":"UTC","userId":"95d331ab-5bd0-493e-8778-5fbc9860aef1"}
{"level":"info","message":"DB:getAllPosts success","operation":"LIST_POSTS","page":1,"perPage":4,"searchTerm":null,"service":"code-connect","step":"DATABASE","timestamp":"2025-28-01 17:28:01"}
{"environment":"development","level":"info","message":"[EVENT] PAGE_VIEW -> HOME_VIEW","operation":"HOME_VIEW","service":"code-connect","step":"PAGE_VIEW","timestamp":"2025-28-01 17:28:01","timezone":"UTC","userId":"95d331ab-5bd0-493e-8778-5fbc9860aef1"}
{"environment":"development","level":"info","message":"[EVENT] AUTH -> LOGIN_SUCCESS","operation":"LOGIN_SUCCESS","service":"code-connect","step":"AUTH","timestamp":"2025-28-01 17:28:52","timezone":"UTC","userId":"95d331ab-5bd0-493e-8778-5fbc9860aef1"}
{"level":"info","message":"DB:getAllPosts success","operation":"LIST_POSTS","page":1,"perPage":4,"searchTerm":null,"service":"code-connect","step":"DATABASE","timestamp":"2025-28-01 17:28:53"}
{"environment":"development","level":"info","message":"[EVENT] PAGE_VIEW -> HOME_VIEW","operation":"HOME_VIEW","service":"code-connect","step":"PAGE_VIEW","timestamp":"2025-28-01 17:28:53","timezone":"UTC","userId":"95d331ab-5bd0-493e-8778-5fbc9860aef1"}
{"level":"info","message":"DB:getAllPosts success","operation":"LIST_POSTS","page":1,"perPage":4,"searchTerm":null,"service":"code-connect","step":"DATABASE","timestamp":"2025-34-01 17:34:14"}
{"environment":"development","level":"info","message":"[EVENT] PAGE_VIEW -> HOME_VIEW","operation":"HOME_VIEW","service":"code-connect","step":"PAGE_VIEW","timestamp":"2025-34-01 17:34:14","timezone":"UTC","userId":"95d331ab-5bd0-493e-8778-5fbc9860aef1"}
{"environment":"development","level":"info","message":"[EVENT] AUTH -> LOGIN_SUCCESS","operation":"LOGIN_SUCCESS","service":"code-connect","step":"AUTH","timestamp":"2025-35-01 17:35:03","timezone":"UTC","userId":"95d331ab-5bd0-493e-8778-5fbc9860aef1"}
{"level":"info","message":"DB:getAllPosts success","operation":"LIST_POSTS","page":1,"perPage":4,"searchTerm":null,"service":"code-connect","step":"DATABASE","timestamp":"2025-35-01 17:35:04"}
{"environment":"development","level":"info","message":"[EVENT] PAGE_VIEW -> HOME_VIEW","operation":"HOME_VIEW","service":"code-connect","step":"PAGE_VIEW","timestamp":"2025-35-01 17:35:04","timezone":"UTC","userId":"95d331ab-5bd0-493e-8778-5fbc9860aef1"}
{"level":"info","message":"DB:getAllPosts success","operation":"LIST_POSTS","page":1,"perPage":4,"searchTerm":null,"service":"code-connect","step":"DATABASE","timestamp":"2025-35-01 17:35:08"}
{"environment":"development","level":"info","message":"[EVENT] PAGE_VIEW -> HOME_VIEW","operation":"HOME_VIEW","service":"code-connect","step":"PAGE_VIEW","timestamp":"2025-35-01 17:35:08","timezone":"UTC","userId":"95d331ab-5bd0-493e-8778-5fbc9860aef1"}
{"level":"info","message":"DB:getAllPosts success","operation":"LIST_POSTS","page":1,"perPage":4,"searchTerm":null,"service":"code-connect","step":"DATABASE","timestamp":"2025-38-01 17:38:01"}
{"environment":"development","level":"info","message":"[EVENT] PAGE_VIEW -> HOME_VIEW","operation":"HOME_VIEW","service":"code-connect","step":"PAGE_VIEW","timestamp":"2025-38-01 17:38:01","timezone":"UTC","userId":"95d331ab-5bd0-493e-8778-5fbc9860aef1"}
{"level":"info","message":"DB:getAllPosts success","operation":"LIST_POSTS","page":1,"perPage":4,"searchTerm":null,"service":"code-connect","step":"DATABASE","timestamp":"2025-40-01 17:40:57"}
{"environment":"development","level":"info","message":"[EVENT] PAGE_VIEW -> HOME_VIEW","operation":"HOME_VIEW","service":"code-connect","step":"PAGE_VIEW","timestamp":"2025-40-01 17:40:57","timezone":"UTC","userId":"95d331ab-5bd0-493e-8778-5fbc9860aef1"}
{"environment":"development","level":"info","message":"[EVENT] AUTH -> LOGIN_SUCCESS","operation":"LOGIN_SUCCESS","service":"code-connect","step":"AUTH","timestamp":"2025-41-01 17:41:59","timezone":"UTC","userId":"95d331ab-5bd0-493e-8778-5fbc9860aef1"}
{"level":"info","message":"DB:getAllPosts success","operation":"LIST_POSTS","page":1,"perPage":4,"searchTerm":null,"service":"code-connect","step":"DATABASE","timestamp":"2025-41-01 17:41:59"}
{"environment":"development","level":"info","message":"[EVENT] PAGE_VIEW -> HOME_VIEW","operation":"HOME_VIEW","service":"code-connect","step":"PAGE_VIEW","timestamp":"2025-41-01 17:41:59","timezone":"UTC","userId":"95d331ab-5bd0-493e-8778-5fbc9860aef1"}
{"environment":"development","level":"info","message":"[EVENT] AUTH -> LOGIN_SUCCESS","operation":"LOGIN_SUCCESS","service":"code-connect","step":"AUTH","timestamp":"2025-42-01 17:42:28","timezone":"UTC","userId":"95d331ab-5bd0-493e-8778-5fbc9860aef1"}
{"level":"info","message":"DB:getAllPosts success","operation":"LIST_POSTS","page":1,"perPage":4,"searchTerm":null,"service":"code-connect","step":"DATABASE","timestamp":"2025-42-01 17:42:29"}
{"environment":"development","level":"info","message":"[EVENT] PAGE_VIEW -> HOME_VIEW","operation":"HOME_VIEW","service":"code-connect","step":"PAGE_VIEW","timestamp":"2025-42-01 17:42:29","timezone":"UTC","userId":"95d331ab-5bd0-493e-8778-5fbc9860aef1"}
{"level":"info","message":"DB:getAllPosts success","operation":"LIST_POSTS","page":1,"perPage":4,"searchTerm":null,"service":"code-connect","step":"DATABASE","timestamp":"2025-48-01 17:48:32"}
{"environment":"development","level":"info","message":"[EVENT] PAGE_VIEW -> HOME_VIEW","operation":"HOME_VIEW","service":"code-connect","step":"PAGE_VIEW","timestamp":"2025-48-01 17:48:32","timezone":"UTC","userId":"95d331ab-5bd0-493e-8778-5fbc9860aef1"}
{"level":"info","message":"DB:getAllPosts success","operation":"LIST_POSTS","page":1,"perPage":4,"searchTerm":null,"service":"code-connect","step":"DATABASE","timestamp":"2025-50-01 17:50:03"}
{"environment":"development","level":"info","message":"[EVENT] PAGE_VIEW -> HOME_VIEW","operation":"HOME_VIEW","service":"code-connect","step":"PAGE_VIEW","timestamp":"2025-50-01 17:50:03","timezone":"UTC","userId":"95d331ab-5bd0-493e-8778-5fbc9860aef1"}
{"level":"info","message":"DB:getAllPosts success","operation":"LIST_POSTS","page":1,"perPage":4,"searchTerm":null,"service":"code-connect","step":"DATABASE","timestamp":"2025-54-01 17:54:02"}
{"environment":"development","level":"info","message":"[EVENT] PAGE_VIEW -> HOME_VIEW","operation":"HOME_VIEW","service":"code-connect","step":"PAGE_VIEW","timestamp":"2025-54-01 17:54:02","timezone":"UTC","userId":"95d331ab-5bd0-493e-8778-5fbc9860aef1"}
{"environment":"development","level":"info","message":"[EVENT] AUTH -> LOGIN_SUCCESS","operation":"LOGIN_SUCCESS","service":"code-connect","step":"AUTH","timestamp":"2025-55-01 17:55:09","timezone":"UTC","userId":"95d331ab-5bd0-493e-8778-5fbc9860aef1"}
{"level":"info","message":"DB:getAllPosts success","operation":"LIST_POSTS","page":1,"perPage":4,"searchTerm":null,"service":"code-connect","step":"DATABASE","timestamp":"2025-55-01 17:55:09"}
{"environment":"development","level":"info","message":"[EVENT] PAGE_VIEW -> HOME_VIEW","operation":"HOME_VIEW","service":"code-connect","step":"PAGE_VIEW","timestamp":"2025-55-01 17:55:09","timezone":"UTC","userId":"95d331ab-5bd0-493e-8778-5fbc9860aef1"}
{"level":"info","message":"DB:getAllPosts success","operation":"LIST_POSTS","page":2,"perPage":4,"searchTerm":null,"service":"code-connect","step":"DATABASE","timestamp":"2025-55-01 17:55:27"}
{"environment":"development","level":"info","message":"[EVENT] PAGE_VIEW -> HOME_VIEW","operation":"HOME_VIEW","service":"code-connect","step":"PAGE_VIEW","timestamp":"2025-55-01 17:55:27","timezone":"UTC","userId":"95d331ab-5bd0-493e-8778-5fbc9860aef1"}
{"level":"info","message":"DB:getAllPosts success","operation":"LIST_POSTS","page":1,"perPage":4,"searchTerm":null,"service":"code-connect","step":"DATABASE","timestamp":"2025-58-01 17:58:15"}
{"environment":"development","level":"info","message":"[EVENT] PAGE_VIEW -> HOME_VIEW","operation":"HOME_VIEW","service":"code-connect","step":"PAGE_VIEW","timestamp":"2025-58-01 17:58:15","timezone":"UTC","userId":"95d331ab-5bd0-493e-8778-5fbc9860aef1"}
{"level":"info","message":"DB:getAllPosts success","operation":"LIST_POSTS","page":2,"perPage":4,"searchTerm":null,"service":"code-connect","step":"DATABASE","timestamp":"2025-01-01 18:01:09"}
{"environment":"development","level":"info","message":"[EVENT] PAGE_VIEW -> HOME_VIEW","operation":"HOME_VIEW","service":"code-connect","step":"PAGE_VIEW","timestamp":"2025-01-01 18:01:09","timezone":"UTC","userId":"95d331ab-5bd0-493e-8778-5fbc9860aef1"}
{"level":"info","message":"DB:getAllPosts success","operation":"LIST_POSTS","page":3,"perPage":4,"searchTerm":null,"service":"code-connect","step":"DATABASE","timestamp":"2025-01-01 18:01:13"}
{"environment":"development","level":"info","message":"[EVENT] PAGE_VIEW -> HOME_VIEW","operation":"HOME_VIEW","service":"code-connect","step":"PAGE_VIEW","timestamp":"2025-01-01 18:01:13","timezone":"UTC","userId":"95d331ab-5bd0-493e-8778-5fbc9860aef1"}
{"level":"info","message":"DB:getAllPosts success","operation":"LIST_POSTS","page":3,"perPage":4,"searchTerm":null,"service":"code-connect","step":"DATABASE","timestamp":"2025-01-01 18:01:21"}
{"environment":"development","level":"info","message":"[EVENT] PAGE_VIEW -> HOME_VIEW","operation":"HOME_VIEW","service":"code-connect","step":"PAGE_VIEW","timestamp":"2025-01-01 18:01:21","timezone":"UTC","userId":"95d331ab-5bd0-493e-8778-5fbc9860aef1"}
{"level":"info","message":"DB:getAllPosts success","operation":"LIST_POSTS","page":3,"perPage":4,"searchTerm":null,"service":"code-connect","step":"DATABASE","timestamp":"2025-08-01 18:08:49"}
{"environment":"development","level":"info","message":"[EVENT] PAGE_VIEW -> HOME_VIEW","operation":"HOME_VIEW","service":"code-connect","step":"PAGE_VIEW","timestamp":"2025-08-01 18:08:49","timezone":"UTC","userId":"95d331ab-5bd0-493e-8778-5fbc9860aef1"}
{"level":"info","message":"DB:getAllPosts success","operation":"LIST_POSTS","page":3,"perPage":4,"searchTerm":null,"service":"code-connect","step":"DATABASE","timestamp":"2025-12-01 18:12:24"}
{"environment":"development","level":"info","message":"[EVENT] PAGE_VIEW -> HOME_VIEW","operation":"HOME_VIEW","service":"code-connect","step":"PAGE_VIEW","timestamp":"2025-12-01 18:12:24","timezone":"UTC","userId":"95d331ab-5bd0-493e-8778-5fbc9860aef1"}
{"level":"info","message":"DB:getAllPosts success","operation":"LIST_POSTS","page":3,"perPage":4,"searchTerm":null,"service":"code-connect","step":"DATABASE","timestamp":"2025-14-01 18:14:26"}
{"environment":"development","level":"info","message":"[EVENT] PAGE_VIEW -> HOME_VIEW","operation":"HOME_VIEW","service":"code-connect","step":"PAGE_VIEW","timestamp":"2025-14-01 18:14:26","timezone":"UTC","userId":"95d331ab-5bd0-493e-8778-5fbc9860aef1"}
{"environment":"development","level":"info","message":"[EVENT] AUTH -> LOGIN_SUCCESS","operation":"LOGIN_SUCCESS","service":"code-connect","step":"AUTH","timestamp":"2025-15-01 18:15:23","timezone":"UTC","userId":"95d331ab-5bd0-493e-8778-5fbc9860aef1"}
{"level":"info","message":"DB:getAllPosts success","operation":"LIST_POSTS","page":1,"perPage":4,"searchTerm":null,"service":"code-connect","step":"DATABASE","timestamp":"2025-15-01 18:15:23"}
{"environment":"development","level":"info","message":"[EVENT] PAGE_VIEW -> HOME_VIEW","operation":"HOME_VIEW","service":"code-connect","step":"PAGE_VIEW","timestamp":"2025-15-01 18:15:23","timezone":"UTC","userId":"95d331ab-5bd0-493e-8778-5fbc9860aef1"}
{"level":"info","message":"DB:getAllPosts success","operation":"LIST_POSTS","page":1,"perPage":4,"searchTerm":null,"service":"code-connect","step":"DATABASE","timestamp":"2025-23-01 18:23:53"}
{"environment":"development","level":"info","message":"[EVENT] PAGE_VIEW -> HOME_VIEW","operation":"HOME_VIEW","service":"code-connect","step":"PAGE_VIEW","timestamp":"2025-23-01 18:23:53","timezone":"UTC","userId":"95d331ab-5bd0-493e-8778-5fbc9860aef1"}
{"level":"info","message":"DB:getAllPosts success","operation":"LIST_POSTS","page":1,"perPage":4,"searchTerm":null,"service":"code-connect","step":"DATABASE","timestamp":"2025-24-01 18:24:13"}
{"environment":"development","level":"info","message":"[EVENT] PAGE_VIEW -> HOME_VIEW","operation":"HOME_VIEW","service":"code-connect","step":"PAGE_VIEW","timestamp":"2025-24-01 18:24:13","timezone":"UTC","userId":"95d331ab-5bd0-493e-8778-5fbc9860aef1"}
{"level":"info","message":"DB:getAllPosts success","operation":"LIST_POSTS","page":1,"perPage":4,"searchTerm":null,"service":"code-connect","step":"DATABASE","timestamp":"2025-31-01 18:31:52"}
{"environment":"development","level":"info","message":"[EVENT] PAGE_VIEW -> HOME_VIEW","operation":"HOME_VIEW","service":"code-connect","step":"PAGE_VIEW","timestamp":"2025-31-01 18:31:52","timezone":"UTC","userId":"95d331ab-5bd0-493e-8778-5fbc9860aef1"}
{"level":"info","message":"DB:getAllPosts success","operation":"LIST_POSTS","page":1,"perPage":4,"searchTerm":null,"service":"code-connect","step":"DATABASE","timestamp":"2025-36-01 18:36:59"}
{"environment":"development","level":"info","message":"[EVENT] PAGE_VIEW -> HOME_VIEW","operation":"HOME_VIEW","service":"code-connect","step":"PAGE_VIEW","timestamp":"2025-36-01 18:36:59","timezone":"UTC","userId":"95d331ab-5bd0-493e-8778-5fbc9860aef1"}
{"level":"info","message":"DB:getAllPosts success","operation":"LIST_POSTS","page":1,"perPage":4,"searchTerm":null,"service":"code-connect","step":"DATABASE","timestamp":"2025-37-01 18:37:11"}
{"environment":"development","level":"info","message":"[EVENT] PAGE_VIEW -> HOME_VIEW","operation":"HOME_VIEW","service":"code-connect","step":"PAGE_VIEW","timestamp":"2025-37-01 18:37:11","timezone":"UTC","userId":"95d331ab-5bd0-493e-8778-5fbc9860aef1"}
{"level":"info","message":"DB:getAllPosts success","operation":"LIST_POSTS","page":1,"perPage":4,"searchTerm":null,"service":"code-connect","step":"DATABASE","timestamp":"2025-37-01 18:37:24"}
{"environment":"development","level":"info","message":"[EVENT] PAGE_VIEW -> HOME_VIEW","operation":"HOME_VIEW","service":"code-connect","step":"PAGE_VIEW","timestamp":"2025-37-01 18:37:24","timezone":"UTC","userId":"95d331ab-5bd0-493e-8778-5fbc9860aef1"}
{"level":"info","message":"DB:getAllPosts success","operation":"LIST_POSTS","page":1,"perPage":4,"searchTerm":null,"service":"code-connect","step":"DATABASE","timestamp":"2025-38-01 18:38:15"}
{"environment":"development","level":"info","message":"[EVENT] PAGE_VIEW -> HOME_VIEW","operation":"HOME_VIEW","service":"code-connect","step":"PAGE_VIEW","timestamp":"2025-38-01 18:38:15","timezone":"UTC","userId":"95d331ab-5bd0-493e-8778-5fbc9860aef1"}
{"level":"info","message":"DB:getAllPosts success","operation":"LIST_POSTS","page":1,"perPage":4,"searchTerm":null,"service":"code-connect","step":"DATABASE","timestamp":"2025-39-01 18:39:12"}
{"environment":"development","level":"info","message":"[EVENT] PAGE_VIEW -> HOME_VIEW","operation":"HOME_VIEW","service":"code-connect","step":"PAGE_VIEW","timestamp":"2025-39-01 18:39:12","timezone":"UTC","userId":"95d331ab-5bd0-493e-8778-5fbc9860aef1"}
{"level":"info","message":"DB:getAllPosts success","operation":"LIST_POSTS","page":1,"perPage":4,"searchTerm":null,"service":"code-connect","step":"DATABASE","timestamp":"2025-39-01 18:39:47"}
{"environment":"development","level":"info","message":"[EVENT] PAGE_VIEW -> HOME_VIEW","operation":"HOME_VIEW","service":"code-connect","step":"PAGE_VIEW","timestamp":"2025-39-01 18:39:47","timezone":"UTC","userId":"95d331ab-5bd0-493e-8778-5fbc9860aef1"}
{"level":"info","message":"DB:getAllPosts success","operation":"LIST_POSTS","page":1,"perPage":4,"searchTerm":null,"service":"code-connect","step":"DATABASE","timestamp":"2025-53-01 18:53:43"}
{"environment":"development","level":"info","message":"[EVENT] PAGE_VIEW -> HOME_VIEW","operation":"HOME_VIEW","service":"code-connect","step":"PAGE_VIEW","timestamp":"2025-53-01 18:53:43","timezone":"UTC","userId":"95d331ab-5bd0-493e-8778-5fbc9860aef1"}
{"level":"info","message":"DB:getAllPosts success","operation":"LIST_POSTS","page":1,"perPage":4,"searchTerm":null,"service":"code-connect","step":"DATABASE","timestamp":"2025-54-01 18:54:42"}
{"environment":"development","level":"info","message":"[EVENT] PAGE_VIEW -> HOME_VIEW","operation":"HOME_VIEW","service":"code-connect","step":"PAGE_VIEW","timestamp":"2025-54-01 18:54:42","timezone":"UTC","userId":"95d331ab-5bd0-493e-8778-5fbc9860aef1"}
{"level":"info","message":"DB:getAllPosts success","operation":"LIST_POSTS","page":1,"perPage":4,"searchTerm":null,"service":"code-connect","step":"DATABASE","timestamp":"2025-54-01 18:54:49"}
{"environment":"development","level":"info","message":"[EVENT] PAGE_VIEW -> HOME_VIEW","operation":"HOME_VIEW","service":"code-connect","step":"PAGE_VIEW","timestamp":"2025-54-01 18:54:49","timezone":"UTC","userId":"95d331ab-5bd0-493e-8778-5fbc9860aef1"}
{"level":"info","message":"DB:getAllPosts success","operation":"LIST_POSTS","page":1,"perPage":4,"searchTerm":null,"service":"code-connect","step":"DATABASE","timestamp":"2025-25-01 20:25:47"}
{"environment":"development","level":"info","message":"[EVENT] PAGE_VIEW -> HOME_VIEW","operation":"HOME_VIEW","service":"code-connect","step":"PAGE_VIEW","timestamp":"2025-25-01 20:25:47","timezone":"UTC","userId":"95d331ab-5bd0-493e-8778-5fbc9860aef1"}
{"level":"info","message":"DB:getAllPosts success","operation":"LIST_POSTS","page":1,"perPage":4,"searchTerm":null,"service":"code-connect","step":"DATABASE","timestamp":"2025-28-01 20:28:28"}
{"environment":"development","level":"info","message":"[EVENT] PAGE_VIEW -> HOME_VIEW","operation":"HOME_VIEW","service":"code-connect","step":"PAGE_VIEW","timestamp":"2025-28-01 20:28:28","timezone":"UTC","userId":"95d331ab-5bd0-493e-8778-5fbc9860aef1"}
{"level":"info","message":"DB:getAllPosts success","operation":"LIST_POSTS","page":1,"perPage":4,"searchTerm":null,"service":"code-connect","step":"DATABASE","timestamp":"2025-28-01 20:28:28"}
{"environment":"development","level":"info","message":"[EVENT] PAGE_VIEW -> HOME_VIEW","operation":"HOME_VIEW","service":"code-connect","step":"PAGE_VIEW","timestamp":"2025-28-01 20:28:28","timezone":"UTC","userId":"95d331ab-5bd0-493e-8778-5fbc9860aef1"}
{"level":"info","message":"DB:getAllPosts success","operation":"LIST_POSTS","page":1,"perPage":4,"searchTerm":null,"service":"code-connect","step":"DATABASE","timestamp":"2025-30-01 20:30:17"}
{"environment":"development","level":"info","message":"[EVENT] PAGE_VIEW -> HOME_VIEW","operation":"HOME_VIEW","service":"code-connect","step":"PAGE_VIEW","timestamp":"2025-30-01 20:30:17","timezone":"UTC","userId":"95d331ab-5bd0-493e-8778-5fbc9860aef1"}
{"level":"info","message":"DB:getAllPosts success","operation":"LIST_POSTS","page":2,"perPage":4,"searchTerm":null,"service":"code-connect","step":"DATABASE","timestamp":"2025-30-01 20:30:20"}
{"environment":"development","level":"info","message":"[EVENT] PAGE_VIEW -> HOME_VIEW","operation":"HOME_VIEW","service":"code-connect","step":"PAGE_VIEW","timestamp":"2025-30-01 20:30:20","timezone":"UTC","userId":"95d331ab-5bd0-493e-8778-5fbc9860aef1"}
{"level":"info","message":"DB:getAllPosts success","operation":"LIST_POSTS","page":2,"perPage":4,"searchTerm":null,"service":"code-connect","step":"DATABASE","timestamp":"2025-44-01 20:44:06"}
{"environment":"development","level":"info","message":"[EVENT] PAGE_VIEW -> HOME_VIEW","operation":"HOME_VIEW","service":"code-connect","step":"PAGE_VIEW","timestamp":"2025-44-01 20:44:06","timezone":"UTC","userId":"95d331ab-5bd0-493e-8778-5fbc9860aef1"}
{"level":"info","message":"DB:getAllPosts success","operation":"LIST_POSTS","page":2,"perPage":4,"searchTerm":null,"service":"code-connect","step":"DATABASE","timestamp":"2025-44-01 20:44:41"}
{"environment":"development","level":"info","message":"[EVENT] PAGE_VIEW -> HOME_VIEW","operation":"HOME_VIEW","service":"code-connect","step":"PAGE_VIEW","timestamp":"2025-44-01 20:44:41","timezone":"UTC","userId":"95d331ab-5bd0-493e-8778-5fbc9860aef1"}
{"level":"info","message":"DB:getAllPosts success","operation":"LIST_POSTS","page":2,"perPage":4,"searchTerm":null,"service":"code-connect","step":"DATABASE","timestamp":"2025-44-01 20:44:41"}
{"environment":"development","level":"info","message":"[EVENT] PAGE_VIEW -> HOME_VIEW","operation":"HOME_VIEW","service":"code-connect","step":"PAGE_VIEW","timestamp":"2025-44-01 20:44:41","timezone":"UTC","userId":"95d331ab-5bd0-493e-8778-5fbc9860aef1"}
{"level":"info","message":"DB:getAllPosts success","operation":"LIST_POSTS","page":2,"perPage":4,"searchTerm":null,"service":"code-connect","step":"DATABASE","timestamp":"2025-44-01 20:44:45"}
{"environment":"development","level":"info","message":"[EVENT] PAGE_VIEW -> HOME_VIEW","operation":"HOME_VIEW","service":"code-connect","step":"PAGE_VIEW","timestamp":"2025-44-01 20:44:45","timezone":"UTC","userId":"95d331ab-5bd0-493e-8778-5fbc9860aef1"}
{"level":"info","message":"DB:getAllPosts success","operation":"LIST_POSTS","page":2,"perPage":4,"searchTerm":null,"service":"code-connect","step":"DATABASE","timestamp":"2025-48-01 20:48:21"}
{"environment":"development","level":"info","message":"[EVENT] PAGE_VIEW -> HOME_VIEW","operation":"HOME_VIEW","service":"code-connect","step":"PAGE_VIEW","timestamp":"2025-48-01 20:48:21","timezone":"UTC","userId":"95d331ab-5bd0-493e-8778-5fbc9860aef1"}
{"level":"info","message":"DB:getAllPosts success","operation":"LIST_POSTS","page":2,"perPage":4,"searchTerm":null,"service":"code-connect","step":"DATABASE","timestamp":"2025-48-01 20:48:21"}
{"environment":"development","level":"info","message":"[EVENT] PAGE_VIEW -> HOME_VIEW","operation":"HOME_VIEW","service":"code-connect","step":"PAGE_VIEW","timestamp":"2025-48-01 20:48:21","timezone":"UTC","userId":"95d331ab-5bd0-493e-8778-5fbc9860aef1"}
{"level":"info","message":"DB:getAllPosts success","operation":"LIST_POSTS","page":2,"perPage":4,"searchTerm":null,"service":"code-connect","step":"DATABASE","timestamp":"2025-48-01 20:48:25"}
{"environment":"development","level":"info","message":"[EVENT] PAGE_VIEW -> HOME_VIEW","operation":"HOME_VIEW","service":"code-connect","step":"PAGE_VIEW","timestamp":"2025-48-01 20:48:25","timezone":"UTC","userId":"95d331ab-5bd0-493e-8778-5fbc9860aef1"}
{"level":"info","message":"DB:getAllPosts success","operation":"LIST_POSTS","page":2,"perPage":4,"searchTerm":null,"service":"code-connect","step":"DATABASE","timestamp":"2025-48-01 20:48:31"}
{"environment":"development","level":"info","message":"[EVENT] PAGE_VIEW -> HOME_VIEW","operation":"HOME_VIEW","service":"code-connect","step":"PAGE_VIEW","timestamp":"2025-48-01 20:48:31","timezone":"UTC","userId":"95d331ab-5bd0-493e-8778-5fbc9860aef1"}
{"level":"info","message":"DB:getAllPosts success","operation":"LIST_POSTS","page":2,"perPage":4,"searchTerm":null,"service":"code-connect","step":"DATABASE","timestamp":"2025-56-02 09:56:27"}
{"environment":"development","level":"info","message":"[EVENT] PAGE_VIEW -> HOME_VIEW","operation":"HOME_VIEW","service":"code-connect","step":"PAGE_VIEW","timestamp":"2025-56-02 09:56:27","timezone":"UTC","userId":"95d331ab-5bd0-493e-8778-5fbc9860aef1"}
{"csrf_enabled":true,"environment":"development","level":"info","message":"[EVENT] api_like -> request_received","operation":"request_received","origin":"http://127.0.0.1:5500","service":"code-connect","step":"api_like","timestamp":"2025-03-02 11:03:32","timezone":"UTC","userId":"pending"}
{"environment":"development","error":"logEvent is not defined","level":"error","message":"[EVENT ERROR] api_like -> like_error","operation":"like_error","service":"code-connect","stack":"ReferenceError: logEvent is not defined\n    at validateCSRF (/Users/patriciasilva/projects/github/4877-code-connect-react-seguranca/.next/server/chunks/[root-of-the-server]__5c5dc425._.js:622:5)\n    at async POST (/Users/patriciasilva/projects/github/4877-code-connect-react-seguranca/.next/server/chunks/[root-of-the-server]__5c5dc425._.js:785:27)\n    at async AppRouteRouteModule.do (/Users/patriciasilva/projects/github/4877-code-connect-react-seguranca/node_modules/next/dist/compiled/next-server/app-route-turbo.runtime.dev.js:5:38696)\n    at async AppRouteRouteModule.handle (/Users/patriciasilva/projects/github/4877-code-connect-react-seguranca/node_modules/next/dist/compiled/next-server/app-route-turbo.runtime.dev.js:5:45978)\n    at async responseGenerator (/Users/patriciasilva/projects/github/4877-code-connect-react-seguranca/.next/server/chunks/node_modules_next_7253acbf._.js:15721:38)\n    at async AppRouteRouteModule.handleResponse (/Users/patriciasilva/projects/github/4877-code-connect-react-seguranca/node_modules/next/dist/compiled/next-server/app-route-turbo.runtime.dev.js:1:187643)\n    at async handleResponse (/Users/patriciasilva/projects/github/4877-code-connect-react-seguranca/.next/server/chunks/node_modules_next_7253acbf._.js:15783:32)\n    at async handler (/Users/patriciasilva/projects/github/4877-code-connect-react-seguranca/.next/server/chunks/node_modules_next_7253acbf._.js:15835:13)\n    at async DevServer.renderToResponseWithComponentsImpl (/Users/patriciasilva/projects/github/4877-code-connect-react-seguranca/node_modules/next/dist/server/base-server.js:1422:9)\n    at async DevServer.renderPageComponent (/Users/patriciasilva/projects/github/4877-code-connect-react-seguranca/node_modules/next/dist/server/base-server.js:1474:24)\n    at async DevServer.renderToResponseImpl (/Users/patriciasilva/projects/github/4877-code-connect-react-seguranca/node_modules/next/dist/server/base-server.js:1514:32)\n    at async DevServer.pipeImpl (/Users/patriciasilva/projects/github/4877-code-connect-react-seguranca/node_modules/next/dist/server/base-server.js:1025:25)\n    at async NextNodeServer.handleCatchallRenderRequest (/Users/patriciasilva/projects/github/4877-code-connect-react-seguranca/node_modules/next/dist/server/next-server.js:393:17)\n    at async DevServer.handleRequestImpl (/Users/patriciasilva/projects/github/4877-code-connect-react-seguranca/node_modules/next/dist/server/base-server.js:916:17)\n    at async /Users/patriciasilva/projects/github/4877-code-connect-react-seguranca/node_modules/next/dist/server/dev/next-dev-server.js:399:20\n    at async Span.traceAsyncFn (/Users/patriciasilva/projects/github/4877-code-connect-react-seguranca/node_modules/next/dist/trace/trace.js:157:20)\n    at async DevServer.handleRequest (/Users/patriciasilva/projects/github/4877-code-connect-react-seguranca/node_modules/next/dist/server/dev/next-dev-server.js:395:24)\n    at async invokeRender (/Users/patriciasilva/projects/github/4877-code-connect-react-seguranca/node_modules/next/dist/server/lib/router-server.js:240:21)\n    at async handleRequest (/Users/patriciasilva/projects/github/4877-code-connect-react-seguranca/node_modules/next/dist/server/lib/router-server.js:437:24)\n    at async requestHandlerImpl (/Users/patriciasilva/projects/github/4877-code-connect-react-seguranca/node_modules/next/dist/server/lib/router-server.js:485:13)\n    at async Server.requestListener (/Users/patriciasilva/projects/github/4877-code-connect-react-seguranca/node_modules/next/dist/server/lib/start-server.js:226:13)","step":"api_like","timestamp":"2025-03-02 11:03:32","timezone":"UTC","userId":"unknown"}
{"csrf_enabled":true,"environment":"development","level":"info","message":"[EVENT] api_like -> request_received","operation":"request_received","origin":"http://127.0.0.1:5500","service":"code-connect","step":"api_like","timestamp":"2025-10-02 11:10:53","timezone":"UTC","userId":"pending"}
{"environment":"development","error":"logEvent is not defined","level":"error","message":"[EVENT ERROR] api_like -> like_error","operation":"like_error","service":"code-connect","stack":"ReferenceError: logEvent is not defined\n    at validateCSRF (/Users/patriciasilva/projects/github/4877-code-connect-react-seguranca/.next/server/chunks/[root-of-the-server]__5c5dc425._.js:622:5)\n    at async POST (/Users/patriciasilva/projects/github/4877-code-connect-react-seguranca/.next/server/chunks/[root-of-the-server]__5c5dc425._.js:785:27)\n    at async AppRouteRouteModule.do (/Users/patriciasilva/projects/github/4877-code-connect-react-seguranca/node_modules/next/dist/compiled/next-server/app-route-turbo.runtime.dev.js:5:38696)\n    at async AppRouteRouteModule.handle (/Users/patriciasilva/projects/github/4877-code-connect-react-seguranca/node_modules/next/dist/compiled/next-server/app-route-turbo.runtime.dev.js:5:45978)\n    at async responseGenerator (/Users/patriciasilva/projects/github/4877-code-connect-react-seguranca/.next/server/chunks/node_modules_next_7253acbf._.js:15721:38)\n    at async AppRouteRouteModule.handleResponse (/Users/patriciasilva/projects/github/4877-code-connect-react-seguranca/node_modules/next/dist/compiled/next-server/app-route-turbo.runtime.dev.js:1:187643)\n    at async handleResponse (/Users/patriciasilva/projects/github/4877-code-connect-react-seguranca/.next/server/chunks/node_modules_next_7253acbf._.js:15783:32)\n    at async handler (/Users/patriciasilva/projects/github/4877-code-connect-react-seguranca/.next/server/chunks/node_modules_next_7253acbf._.js:15835:13)\n    at async DevServer.renderToResponseWithComponentsImpl (/Users/patriciasilva/projects/github/4877-code-connect-react-seguranca/node_modules/next/dist/server/base-server.js:1422:9)\n    at async DevServer.renderPageComponent (/Users/patriciasilva/projects/github/4877-code-connect-react-seguranca/node_modules/next/dist/server/base-server.js:1474:24)\n    at async DevServer.renderToResponseImpl (/Users/patriciasilva/projects/github/4877-code-connect-react-seguranca/node_modules/next/dist/server/base-server.js:1514:32)\n    at async DevServer.pipeImpl (/Users/patriciasilva/projects/github/4877-code-connect-react-seguranca/node_modules/next/dist/server/base-server.js:1025:25)\n    at async NextNodeServer.handleCatchallRenderRequest (/Users/patriciasilva/projects/github/4877-code-connect-react-seguranca/node_modules/next/dist/server/next-server.js:393:17)\n    at async DevServer.handleRequestImpl (/Users/patriciasilva/projects/github/4877-code-connect-react-seguranca/node_modules/next/dist/server/base-server.js:916:17)\n    at async /Users/patriciasilva/projects/github/4877-code-connect-react-seguranca/node_modules/next/dist/server/dev/next-dev-server.js:399:20\n    at async Span.traceAsyncFn (/Users/patriciasilva/projects/github/4877-code-connect-react-seguranca/node_modules/next/dist/trace/trace.js:157:20)\n    at async DevServer.handleRequest (/Users/patriciasilva/projects/github/4877-code-connect-react-seguranca/node_modules/next/dist/server/dev/next-dev-server.js:395:24)\n    at async invokeRender (/Users/patriciasilva/projects/github/4877-code-connect-react-seguranca/node_modules/next/dist/server/lib/router-server.js:240:21)\n    at async handleRequest (/Users/patriciasilva/projects/github/4877-code-connect-react-seguranca/node_modules/next/dist/server/lib/router-server.js:437:24)\n    at async requestHandlerImpl (/Users/patriciasilva/projects/github/4877-code-connect-react-seguranca/node_modules/next/dist/server/lib/router-server.js:485:13)\n    at async Server.requestListener (/Users/patriciasilva/projects/github/4877-code-connect-react-seguranca/node_modules/next/dist/server/lib/start-server.js:226:13)","step":"api_like","timestamp":"2025-10-02 11:10:53","timezone":"UTC","userId":"unknown"}
{"level":"info","message":"DB:getAllPosts success","operation":"LIST_POSTS","page":1,"perPage":4,"searchTerm":null,"service":"code-connect","step":"DATABASE","timestamp":"2025-12-02 11:12:07"}
{"environment":"development","level":"info","message":"[EVENT] PAGE_VIEW -> HOME_VIEW","operation":"HOME_VIEW","service":"code-connect","step":"PAGE_VIEW","timestamp":"2025-12-02 11:12:07","timezone":"UTC","userId":"95d331ab-5bd0-493e-8778-5fbc9860aef1"}
{"csrf_enabled":true,"environment":"development","level":"info","message":"[EVENT] api_like -> request_received","operation":"request_received","origin":"http://127.0.0.1:5500","service":"code-connect","step":"api_like","timestamp":"2025-12-02 11:12:17","timezone":"UTC","userId":"pending"}
{"csrfFromCookie":"","csrfFromHeader":null,"environment":"development","level":"info","message":"[EVENT] validateCSRF -> validating CSRF","operation":"validating CSRF","service":"code-connect","step":"validateCSRF","timestamp":"2025-12-02 11:12:17","timezone":"UTC","userId":"anonymous"}
{"environment":"development","isValid":"","level":"info","message":"[EVENT] validateCSRF -> CSRF validation result","operation":"CSRF validation result","service":"code-connect","step":"validateCSRF","timestamp":"2025-12-02 11:12:17","timezone":"UTC","userId":"anonymous"}
{"environment":"development","level":"info","message":"[EVENT] api_like -> csrf_blocked","operation":"csrf_blocked","origin":"http://127.0.0.1:5500","reason":"invalid_token","service":"code-connect","step":"api_like","timestamp":"2025-12-02 11:12:17","timezone":"UTC","userId":"anonymous"}
{"level":"info","message":"DB:getAllPosts success","operation":"LIST_POSTS","page":2,"perPage":4,"searchTerm":null,"service":"code-connect","step":"DATABASE","timestamp":"2025-13-02 11:13:02"}
{"environment":"development","level":"info","message":"[EVENT] PAGE_VIEW -> HOME_VIEW","operation":"HOME_VIEW","service":"code-connect","step":"PAGE_VIEW","timestamp":"2025-13-02 11:13:02","timezone":"UTC","userId":"95d331ab-5bd0-493e-8778-5fbc9860aef1"}
{"csrf_enabled":true,"environment":"development","level":"info","message":"[EVENT] api_like -> request_received","operation":"request_received","origin":"http://localhost:3000","service":"code-connect","step":"api_like","timestamp":"2025-13-02 11:13:14","timezone":"UTC","userId":"pending"}
{"csrfFromCookie":"67e022c9-18aa-4a4c-b3fd-e61f4f2943dc","csrfFromHeader":"67e022c9-18aa-4a4c-b3fd-e61f4f2943dc","environment":"development","level":"info","message":"[EVENT] validateCSRF -> validating CSRF","operation":"validating CSRF","service":"code-connect","step":"validateCSRF","timestamp":"2025-13-02 11:13:14","timezone":"UTC","userId":"anonymous"}
{"environment":"development","isValid":true,"level":"info","message":"[EVENT] validateCSRF -> CSRF validation result","operation":"CSRF validation result","service":"code-connect","step":"validateCSRF","timestamp":"2025-13-02 11:13:14","timezone":"UTC","userId":"anonymous"}
{"environment":"development","level":"info","message":"[EVENT] api_like -> csrf_validated","operation":"csrf_validated","origin":"http://localhost:3000","service":"code-connect","step":"api_like","timestamp":"2025-13-02 11:13:14","timezone":"UTC","userId":"pending"}
{"csrf_protected":true,"environment":"development","level":"info","message":"[EVENT] api_like -> like_increment","operation":"like_increment","origin":"http://localhost:3000","postId":5,"service":"code-connect","step":"api_like","timestamp":"2025-13-02 11:13:15","timezone":"UTC","userId":"95d331ab-5bd0-493e-8778-5fbc9860aef1"}
{"csrf_protected":true,"environment":"development","level":"info","message":"[EVENT] api_like -> like_success","operation":"like_success","postId":5,"service":"code-connect","step":"api_like","timestamp":"2025-13-02 11:13:15","timezone":"UTC","userId":"95d331ab-5bd0-493e-8778-5fbc9860aef1"}
{"level":"info","message":"DB:getAllPosts success","operation":"LIST_POSTS","page":2,"perPage":4,"searchTerm":null,"service":"code-connect","step":"DATABASE","timestamp":"2025-44-02 11:44:57"}
{"environment":"development","level":"info","message":"[EVENT] PAGE_VIEW -> HOME_VIEW","operation":"HOME_VIEW","service":"code-connect","step":"PAGE_VIEW","timestamp":"2025-44-02 11:44:57","timezone":"UTC","userId":"95d331ab-5bd0-493e-8778-5fbc9860aef1"}
{"environment":"development","level":"info","message":"[EVENT] api_like -> request_received","operation":"request_received","service":"code-connect","step":"api_like","timestamp":"2025-45-02 11:45:48","timezone":"UTC","userId":"pending"}
{"environment":"development","level":"info","message":"[EVENT] api_like -> like_increment","operation":"like_increment","postId":5,"service":"code-connect","step":"api_like","timestamp":"2025-45-02 11:45:48","timezone":"UTC","userId":"95d331ab-5bd0-493e-8778-5fbc9860aef1"}
{"environment":"development","level":"info","message":"[EVENT] api_like -> like_success","operation":"like_success","postId":5,"service":"code-connect","step":"api_like","timestamp":"2025-45-02 11:45:49","timezone":"UTC","userId":"95d331ab-5bd0-493e-8778-5fbc9860aef1"}
{"level":"info","message":"DB:getAllPosts success","operation":"LIST_POSTS","page":1,"perPage":4,"searchTerm":null,"service":"code-connect","step":"DATABASE","timestamp":"2025-37-02 18:37:01"}
{"environment":"development","level":"info","message":"[EVENT] PAGE_VIEW -> HOME_VIEW","operation":"HOME_VIEW","service":"code-connect","step":"PAGE_VIEW","timestamp":"2025-37-02 18:37:01","timezone":"UTC","userId":"95d331ab-5bd0-493e-8778-5fbc9860aef1"}
{"level":"info","message":"DB:getAllPosts success","operation":"LIST_POSTS","page":2,"perPage":4,"searchTerm":null,"service":"code-connect","step":"DATABASE","timestamp":"2025-37-02 18:37:06"}
{"environment":"development","level":"info","message":"[EVENT] PAGE_VIEW -> HOME_VIEW","operation":"HOME_VIEW","service":"code-connect","step":"PAGE_VIEW","timestamp":"2025-37-02 18:37:06","timezone":"UTC","userId":"95d331ab-5bd0-493e-8778-5fbc9860aef1"}
{"level":"info","message":"DB:getAllPosts success","operation":"LIST_POSTS","page":2,"perPage":4,"searchTerm":null,"service":"code-connect","step":"DATABASE","timestamp":"2025-37-02 18:37:36"}
{"environment":"development","level":"info","message":"[EVENT] PAGE_VIEW -> HOME_VIEW","operation":"HOME_VIEW","service":"code-connect","step":"PAGE_VIEW","timestamp":"2025-37-02 18:37:36","timezone":"UTC","userId":"95d331ab-5bd0-493e-8778-5fbc9860aef1"}
{"level":"info","message":"DB:getAllPosts success","operation":"LIST_POSTS","page":2,"perPage":4,"searchTerm":null,"service":"code-connect","step":"DATABASE","timestamp":"2025-38-02 18:38:05"}
{"environment":"development","level":"info","message":"[EVENT] PAGE_VIEW -> HOME_VIEW","operation":"HOME_VIEW","service":"code-connect","step":"PAGE_VIEW","timestamp":"2025-38-02 18:38:05","timezone":"UTC","userId":"95d331ab-5bd0-493e-8778-5fbc9860aef1"}
{"level":"info","message":"DB:getAllPosts success","operation":"LIST_POSTS","page":2,"perPage":4,"searchTerm":null,"service":"code-connect","step":"DATABASE","timestamp":"2025-38-02 18:38:08"}
{"environment":"development","level":"info","message":"[EVENT] PAGE_VIEW -> HOME_VIEW","operation":"HOME_VIEW","service":"code-connect","step":"PAGE_VIEW","timestamp":"2025-38-02 18:38:08","timezone":"UTC","userId":"95d331ab-5bd0-493e-8778-5fbc9860aef1"}
{"level":"info","message":"DB:getAllPosts success","operation":"LIST_POSTS","page":2,"perPage":4,"searchTerm":null,"service":"code-connect","step":"DATABASE","timestamp":"2025-41-02 18:41:05"}
{"environment":"development","level":"info","message":"[EVENT] PAGE_VIEW -> HOME_VIEW","operation":"HOME_VIEW","service":"code-connect","step":"PAGE_VIEW","timestamp":"2025-41-02 18:41:05","timezone":"UTC","userId":"95d331ab-5bd0-493e-8778-5fbc9860aef1"}
{"level":"info","message":"DB:getAllPosts success","operation":"LIST_POSTS","page":1,"perPage":4,"searchTerm":null,"service":"code-connect","step":"DATABASE","timestamp":"2025-01-02 19:01:54"}
{"environment":"development","level":"info","message":"[EVENT] PAGE_VIEW -> HOME_VIEW","operation":"HOME_VIEW","service":"code-connect","step":"PAGE_VIEW","timestamp":"2025-01-02 19:01:54","timezone":"UTC","userId":"95d331ab-5bd0-493e-8778-5fbc9860aef1"}
{"level":"info","message":"DB:getAllPosts success","operation":"LIST_POSTS","page":1,"perPage":4,"searchTerm":null,"service":"code-connect","step":"DATABASE","timestamp":"2025-02-02 19:02:11"}
{"environment":"development","level":"info","message":"[EVENT] PAGE_VIEW -> HOME_VIEW","operation":"HOME_VIEW","service":"code-connect","step":"PAGE_VIEW","timestamp":"2025-02-02 19:02:11","timezone":"UTC","userId":"95d331ab-5bd0-493e-8778-5fbc9860aef1"}
{"level":"info","message":"DB:getAllPosts success","operation":"LIST_POSTS","page":1,"perPage":4,"searchTerm":null,"service":"code-connect","step":"DATABASE","timestamp":"2025-02-02 19:02:15"}
{"environment":"development","level":"info","message":"[EVENT] PAGE_VIEW -> HOME_VIEW","operation":"HOME_VIEW","service":"code-connect","step":"PAGE_VIEW","timestamp":"2025-02-02 19:02:15","timezone":"UTC","userId":"95d331ab-5bd0-493e-8778-5fbc9860aef1"}
{"level":"info","message":"DB:getAllPosts success","operation":"LIST_POSTS","page":1,"perPage":4,"searchTerm":null,"service":"code-connect","step":"DATABASE","timestamp":"2025-02-02 19:02:21"}
{"environment":"development","level":"info","message":"[EVENT] PAGE_VIEW -> HOME_VIEW","operation":"HOME_VIEW","service":"code-connect","step":"PAGE_VIEW","timestamp":"2025-02-02 19:02:21","timezone":"UTC","userId":"95d331ab-5bd0-493e-8778-5fbc9860aef1"}
{"level":"info","message":"DB:getAllPosts success","operation":"LIST_POSTS","page":1,"perPage":4,"searchTerm":null,"service":"code-connect","step":"DATABASE","timestamp":"2025-02-02 19:02:24"}
{"environment":"development","level":"info","message":"[EVENT] PAGE_VIEW -> HOME_VIEW","operation":"HOME_VIEW","service":"code-connect","step":"PAGE_VIEW","timestamp":"2025-02-02 19:02:24","timezone":"UTC","userId":"95d331ab-5bd0-493e-8778-5fbc9860aef1"}
{"level":"info","message":"DB:getAllPosts success","operation":"LIST_POSTS","page":1,"perPage":4,"searchTerm":null,"service":"code-connect","step":"DATABASE","timestamp":"2025-02-02 19:02:26"}
{"environment":"development","level":"info","message":"[EVENT] PAGE_VIEW -> HOME_VIEW","operation":"HOME_VIEW","service":"code-connect","step":"PAGE_VIEW","timestamp":"2025-02-02 19:02:26","timezone":"UTC","userId":"95d331ab-5bd0-493e-8778-5fbc9860aef1"}
{"level":"info","message":"DB:getAllPosts success","operation":"LIST_POSTS","page":1,"perPage":4,"searchTerm":null,"service":"code-connect","step":"DATABASE","timestamp":"2025-02-02 19:02:44"}
{"environment":"development","level":"info","message":"[EVENT] PAGE_VIEW -> HOME_VIEW","operation":"HOME_VIEW","service":"code-connect","step":"PAGE_VIEW","timestamp":"2025-02-02 19:02:44","timezone":"UTC","userId":"95d331ab-5bd0-493e-8778-5fbc9860aef1"}
{"level":"info","message":"DB:getAllPosts success","operation":"LIST_POSTS","page":1,"perPage":4,"searchTerm":null,"service":"code-connect","step":"DATABASE","timestamp":"2025-02-02 19:02:44"}
{"environment":"development","level":"info","message":"[EVENT] PAGE_VIEW -> HOME_VIEW","operation":"HOME_VIEW","service":"code-connect","step":"PAGE_VIEW","timestamp":"2025-02-02 19:02:44","timezone":"UTC","userId":"95d331ab-5bd0-493e-8778-5fbc9860aef1"}
{"level":"info","message":"DB:getAllPosts success","operation":"LIST_POSTS","page":1,"perPage":4,"searchTerm":null,"service":"code-connect","step":"DATABASE","timestamp":"2025-10-02 19:10:32"}
{"environment":"development","level":"info","message":"[EVENT] PAGE_VIEW -> HOME_VIEW","operation":"HOME_VIEW","service":"code-connect","step":"PAGE_VIEW","timestamp":"2025-10-02 19:10:32","timezone":"UTC","userId":"95d331ab-5bd0-493e-8778-5fbc9860aef1"}
{"level":"info","message":"DB:getAllPosts success","operation":"LIST_POSTS","page":1,"perPage":4,"searchTerm":null,"service":"code-connect","step":"DATABASE","timestamp":"2025-10-02 19:10:32"}
{"environment":"development","level":"info","message":"[EVENT] PAGE_VIEW -> HOME_VIEW","operation":"HOME_VIEW","service":"code-connect","step":"PAGE_VIEW","timestamp":"2025-10-02 19:10:32","timezone":"UTC","userId":"95d331ab-5bd0-493e-8778-5fbc9860aef1"}
{"level":"info","message":"DB:getAllPosts success","operation":"LIST_POSTS","page":1,"perPage":4,"searchTerm":null,"service":"code-connect","step":"DATABASE","timestamp":"2025-10-02 19:10:32"}
{"environment":"development","level":"info","message":"[EVENT] PAGE_VIEW -> HOME_VIEW","operation":"HOME_VIEW","service":"code-connect","step":"PAGE_VIEW","timestamp":"2025-10-02 19:10:32","timezone":"UTC","userId":"95d331ab-5bd0-493e-8778-5fbc9860aef1"}
{"environment":"development","level":"info","message":"[EVENT] AUTH -> LOGIN_SUCCESS","operation":"LOGIN_SUCCESS","service":"code-connect","step":"AUTH","timestamp":"2025-13-02 19:13:25","timezone":"UTC","userId":"95d331ab-5bd0-493e-8778-5fbc9860aef1"}
{"level":"info","message":"DB:getAllPosts success","operation":"LIST_POSTS","page":1,"perPage":4,"searchTerm":null,"service":"code-connect","step":"DATABASE","timestamp":"2025-13-02 19:13:26"}
{"environment":"development","level":"info","message":"[EVENT] PAGE_VIEW -> HOME_VIEW","operation":"HOME_VIEW","service":"code-connect","step":"PAGE_VIEW","timestamp":"2025-13-02 19:13:26","timezone":"UTC","userId":"95d331ab-5bd0-493e-8778-5fbc9860aef1"}
{"environment":"development","level":"info","message":"[EVENT] AUTH -> LOGIN_SUCCESS","operation":"LOGIN_SUCCESS","service":"code-connect","step":"AUTH","timestamp":"2025-23-02 19:23:39","timezone":"UTC","userId":"95d331ab-5bd0-493e-8778-5fbc9860aef1"}
{"level":"info","message":"DB:getAllPosts success","operation":"LIST_POSTS","page":1,"perPage":4,"searchTerm":null,"service":"code-connect","step":"DATABASE","timestamp":"2025-23-02 19:23:39"}
{"environment":"development","level":"info","message":"[EVENT] PAGE_VIEW -> HOME_VIEW","operation":"HOME_VIEW","service":"code-connect","step":"PAGE_VIEW","timestamp":"2025-23-02 19:23:39","timezone":"UTC","userId":"95d331ab-5bd0-493e-8778-5fbc9860aef1"}
{"environment":"development","level":"info","message":"[EVENT] AUTH -> LOGIN_SUCCESS","operation":"LOGIN_SUCCESS","service":"code-connect","step":"AUTH","timestamp":"2025-24-02 19:24:47","timezone":"UTC","userId":"95d331ab-5bd0-493e-8778-5fbc9860aef1"}
{"level":"info","message":"DB:getAllPosts success","operation":"LIST_POSTS","page":1,"perPage":4,"searchTerm":null,"service":"code-connect","step":"DATABASE","timestamp":"2025-24-02 19:24:48"}
{"environment":"development","level":"info","message":"[EVENT] PAGE_VIEW -> HOME_VIEW","operation":"HOME_VIEW","service":"code-connect","step":"PAGE_VIEW","timestamp":"2025-24-02 19:24:48","timezone":"UTC","userId":"95d331ab-5bd0-493e-8778-5fbc9860aef1"}
{"level":"info","message":"DB:getAllPosts success","operation":"LIST_POSTS","page":1,"perPage":4,"searchTerm":null,"service":"code-connect","step":"DATABASE","timestamp":"2025-55-02 19:55:07"}
{"environment":"development","level":"info","message":"[EVENT] PAGE_VIEW -> HOME_VIEW","operation":"HOME_VIEW","service":"code-connect","step":"PAGE_VIEW","timestamp":"2025-55-02 19:55:07","timezone":"UTC","userId":"95d331ab-5bd0-493e-8778-5fbc9860aef1"}
{"environment":"development","level":"info","message":"[EVENT] AUTH -> LOGIN_SUCCESS","operation":"LOGIN_SUCCESS","service":"code-connect","step":"AUTH","timestamp":"2025-53-02 20:53:33","timezone":"UTC","userId":"95d331ab-5bd0-493e-8778-5fbc9860aef1"}
{"level":"info","message":"DB:getAllPosts success","operation":"LIST_POSTS","page":1,"perPage":4,"searchTerm":null,"service":"code-connect","step":"DATABASE","timestamp":"2025-53-02 20:53:35"}
{"environment":"development","level":"info","message":"[EVENT] PAGE_VIEW -> HOME_VIEW","operation":"HOME_VIEW","service":"code-connect","step":"PAGE_VIEW","timestamp":"2025-53-02 20:53:35","timezone":"UTC","userId":"95d331ab-5bd0-493e-8778-5fbc9860aef1"}
{"environment":"development","error":{"__isAuthError":true,"code":"invalid_credentials","name":"AuthApiError","status":400},"level":"error","message":"[EVENT ERROR] AUTH -> LOGIN_FAILED","operation":"LOGIN_FAILED","service":"code-connect","step":"AUTH","timestamp":"2025-40-00 15:40:57","timezone":"UTC","userId":"anonymous"}
{"environment":"development","error":{"__isAuthError":true,"code":"invalid_credentials","name":"AuthApiError","status":400},"level":"error","message":"[EVENT ERROR] AUTH -> LOGIN_FAILED","operation":"LOGIN_FAILED","service":"code-connect","step":"AUTH","timestamp":"2025-40-00 15:40:59","timezone":"UTC","userId":"anonymous"}
{"environment":"development","error":{"__isAuthError":true,"code":"invalid_credentials","name":"AuthApiError","status":400},"level":"error","message":"[EVENT ERROR] AUTH -> LOGIN_FAILED","operation":"LOGIN_FAILED","service":"code-connect","step":"AUTH","timestamp":"2025-50-00 15:50:56","timezone":"UTC","userId":"anonymous"}
{"level":"info","message":"DB:createUser success","operation":"CREATE_USER","service":"code-connect","step":"DATABASE","timestamp":"2025-51-00 15:51:30","username":"gss.patricia"}
{"environment":"development","level":"info","message":"[EVENT] AUTH -> USER_PROFILE_CREATED","operation":"USER_PROFILE_CREATED","service":"code-connect","step":"AUTH","timestamp":"2025-51-00 15:51:30","timezone":"UTC","userId":"b7911fc9-7723-4034-a3d3-02dd9a5a7bc6","username":"gss.patricia"}
{"environment":"development","level":"info","message":"[EVENT] AUTH -> REGISTER_SUCCESS","operation":"REGISTER_SUCCESS","service":"code-connect","step":"AUTH","timestamp":"2025-51-00 15:51:30","timezone":"UTC","userId":"b7911fc9-7723-4034-a3d3-02dd9a5a7bc6"}
{"environment":"development","error":{"__isAuthError":true,"code":"email_not_confirmed","name":"AuthApiError","status":400},"level":"error","message":"[EVENT ERROR] AUTH -> LOGIN_FAILED","operation":"LOGIN_FAILED","service":"code-connect","step":"AUTH","timestamp":"2025-51-00 15:51:42","timezone":"UTC","userId":"anonymous"}
{"environment":"development","level":"info","message":"[EVENT] AUTH -> LOGIN_SUCCESS","operation":"LOGIN_SUCCESS","service":"code-connect","step":"AUTH","timestamp":"2025-52-00 15:52:29","timezone":"UTC","userId":"b7911fc9-7723-4034-a3d3-02dd9a5a7bc6"}
{"level":"info","message":"DB:getAllPosts success","operation":"LIST_POSTS","page":1,"perPage":4,"searchTerm":null,"service":"code-connect","step":"DATABASE","timestamp":"2025-52-00 15:52:29"}
{"environment":"development","level":"info","message":"[EVENT] PAGE_VIEW -> HOME_VIEW","operation":"HOME_VIEW","service":"code-connect","step":"PAGE_VIEW","timestamp":"2025-52-00 15:52:29","timezone":"UTC","userId":"b7911fc9-7723-4034-a3d3-02dd9a5a7bc6"}
{"level":"info","message":"DB:getAllPosts success","operation":"LIST_POSTS","page":1,"perPage":4,"searchTerm":null,"service":"code-connect","step":"DATABASE","timestamp":"2025-52-00 15:52:41"}
{"environment":"development","level":"info","message":"[EVENT] PAGE_VIEW -> HOME_VIEW","operation":"HOME_VIEW","service":"code-connect","step":"PAGE_VIEW","timestamp":"2025-52-00 15:52:41","timezone":"UTC","userId":"b7911fc9-7723-4034-a3d3-02dd9a5a7bc6"}
{"level":"info","message":"DB:getAllPosts success","operation":"LIST_POSTS","page":1,"perPage":4,"searchTerm":null,"service":"code-connect","step":"DATABASE","timestamp":"2025-57-00 15:57:32"}
{"environment":"development","level":"info","message":"[EVENT] PAGE_VIEW -> HOME_VIEW","operation":"HOME_VIEW","service":"code-connect","step":"PAGE_VIEW","timestamp":"2025-57-00 15:57:32","timezone":"UTC","userId":"b7911fc9-7723-4034-a3d3-02dd9a5a7bc6"}
{"level":"info","message":"DB:getAllPosts success","operation":"LIST_POSTS","page":1,"perPage":4,"searchTerm":null,"service":"code-connect","step":"DATABASE","timestamp":"2025-57-00 15:57:53"}
{"environment":"development","level":"info","message":"[EVENT] PAGE_VIEW -> HOME_VIEW","operation":"HOME_VIEW","service":"code-connect","step":"PAGE_VIEW","timestamp":"2025-57-00 15:57:53","timezone":"UTC","userId":"b7911fc9-7723-4034-a3d3-02dd9a5a7bc6"}
{"level":"info","message":"DB:getAllPosts success","operation":"LIST_POSTS","page":1,"perPage":4,"searchTerm":null,"service":"code-connect","step":"DATABASE","timestamp":"2025-58-00 15:58:11"}
{"environment":"development","level":"info","message":"[EVENT] PAGE_VIEW -> HOME_VIEW","operation":"HOME_VIEW","service":"code-connect","step":"PAGE_VIEW","timestamp":"2025-58-00 15:58:11","timezone":"UTC","userId":"b7911fc9-7723-4034-a3d3-02dd9a5a7bc6"}
{"environment":"development","level":"info","message":"[EVENT] AUTH -> LOGIN_SUCCESS","operation":"LOGIN_SUCCESS","service":"code-connect","step":"AUTH","timestamp":"2025-58-00 15:58:29","timezone":"UTC","userId":"b7911fc9-7723-4034-a3d3-02dd9a5a7bc6"}
{"level":"info","message":"DB:getAllPosts success","operation":"LIST_POSTS","page":1,"perPage":4,"searchTerm":null,"service":"code-connect","step":"DATABASE","timestamp":"2025-58-00 15:58:29"}
{"environment":"development","level":"info","message":"[EVENT] PAGE_VIEW -> HOME_VIEW","operation":"HOME_VIEW","service":"code-connect","step":"PAGE_VIEW","timestamp":"2025-58-00 15:58:29","timezone":"UTC","userId":"b7911fc9-7723-4034-a3d3-02dd9a5a7bc6"}
{"level":"info","message":"DB:getAllPosts success","operation":"LIST_POSTS","page":1,"perPage":4,"searchTerm":null,"service":"code-connect","step":"DATABASE","timestamp":"2025-59-00 15:59:11"}
{"environment":"development","level":"info","message":"[EVENT] PAGE_VIEW -> HOME_VIEW","operation":"HOME_VIEW","service":"code-connect","step":"PAGE_VIEW","timestamp":"2025-59-00 15:59:11","timezone":"UTC","userId":"b7911fc9-7723-4034-a3d3-02dd9a5a7bc6"}
{"level":"info","message":"DB:getAllPosts success","operation":"LIST_POSTS","page":1,"perPage":4,"searchTerm":null,"service":"code-connect","step":"DATABASE","timestamp":"2025-00-00 16:00:21"}
{"environment":"development","level":"info","message":"[EVENT] PAGE_VIEW -> HOME_VIEW","operation":"HOME_VIEW","service":"code-connect","step":"PAGE_VIEW","timestamp":"2025-00-00 16:00:21","timezone":"UTC","userId":"b7911fc9-7723-4034-a3d3-02dd9a5a7bc6"}
{"level":"info","message":"DB:getAllPosts success","operation":"LIST_POSTS","page":1,"perPage":4,"searchTerm":null,"service":"code-connect","step":"DATABASE","timestamp":"2025-01-00 16:01:22"}
{"environment":"development","level":"info","message":"[EVENT] PAGE_VIEW -> HOME_VIEW","operation":"HOME_VIEW","service":"code-connect","step":"PAGE_VIEW","timestamp":"2025-01-00 16:01:22","timezone":"UTC","userId":"b7911fc9-7723-4034-a3d3-02dd9a5a7bc6"}
{"level":"info","message":"DB:getAllPosts success","operation":"LIST_POSTS","page":1,"perPage":4,"searchTerm":null,"service":"code-connect","step":"DATABASE","timestamp":"2025-01-00 16:01:27"}
{"environment":"development","level":"info","message":"[EVENT] PAGE_VIEW -> HOME_VIEW","operation":"HOME_VIEW","service":"code-connect","step":"PAGE_VIEW","timestamp":"2025-01-00 16:01:27","timezone":"UTC","userId":"b7911fc9-7723-4034-a3d3-02dd9a5a7bc6"}
{"environment":"development","error":"Insufficient permissions","level":"error","message":"[EVENT ERROR] AUTHORIZATION -> DELETE_POST_DENIED","operation":"DELETE_POST_DENIED","postId":11,"requiredRole":"admin","service":"code-connect","step":"AUTHORIZATION","timestamp":"2025-05-00 16:05:18","timezone":"UTC","userEmail":"gss.patricia@gmail.com","userId":"b7911fc9-7723-4034-a3d3-02dd9a5a7bc6","userRole":"authenticated"}
